ID,Name,Type,URL,DateAdded
40,Obfuscate react native code - YouTube,url,https://www.youtube.com/watch?v=oUwWmoJwSLA&t=11s,2022-04-24T14:38:30.637391+08:00
38,88dog钥匙-csgo钥匙购买-steam低价折扣-csgo出金-steam低价余额,url,https://88dog.com/#/goodDetail?id=11&type=CSGO%E9%92%A5%E5%8C%99&name=%E4%B8%8D%E6%94%B9%E5%8C%BA%E7%A7%92%E5%8F%91,2022-04-12T02:33:08.784627+08:00
36,"java基础反射调用属性（field）,方法（method）,构造器（constructor） - 百度文库",url,https://wenku.baidu.com/view/cd6e9e005bfb770bf78a6529647d27284b733715.html,2022-04-11T08:43:05.183571+08:00
34,中职易班在线课程,url,http://zz.yiban.cn/zxkc?p=home,2022-03-13T08:22:37.828563+08:00
30,上海市信息管理学校,url,http://i.mooc.chaoxing.com/space/index?t=1647144431252,2022-03-13T04:07:54.501447+08:00
28,"网易BUFF游戏饰品交易平台_DOTA2饰品交易,CSGO饰品皮肤交易,RUST饰品交易",url,https://buff.163.com/,2022-03-05T15:32:28.65919+08:00
26,Apk去掉签名以及重新签名的方法 - Pleiades - 博客园,url,https://www.cnblogs.com/pleiades/p/6081844.html,2022-02-15T14:14:00.455825+08:00
22,Allatori 混淆,url,http://www.allatori.com/,2022-01-23T15:39:23.039538+08:00
21,紫水晶混淆,url,https://paramorphism.dev/pricing/,2022-01-23T15:39:15.294931+08:00
15,(13条消息) Java jar打包成exe应用程序（超详细）_如漩涡的博客-CSDN博客_java打包成exe,url,https://blog.csdn.net/m0_37701381/article/details/104163877,2021-12-18T10:56:26.59948+08:00
13,Java VME 加密流程 | Virbox Protector,url,https://h.virbox.com/vbp/docs/%E5%AE%A2%E6%88%B7%E7%AB%AF%E5%BA%94%E7%94%A8%E4%BF%9D%E6%8A%A4/Java%20VME%20%E5%8A%A0%E5%AF%86%E6%B5%81%E7%A8%8B,2021-12-05T11:08:11.859067+08:00
11,代码混淆神器 Allatori - charmsongo - 博客园,url,https://www.cnblogs.com/charmsongo/p/11602682.html,2021-12-04T03:17:45.747371+08:00
7,基于FML的MinecraftMod制作教程(1) - MCP/FG和IDE的配置 | 白玉楼之梦,url,http://blog.hakugyokurou.net/?p=134,2021-10-16T13:52:57.189463+08:00
5,如何把JAVA文件变成DLL文件_sunspotlee的博客-CSDN博客_java 生成dll,url,https://blog.csdn.net/sunspotlee/article/details/89249556,2021-08-27T14:13:06.112045+08:00
3,移动设备书签,folder,,2021-08-27T14:09:11.300365+08:00
2,其他书签,folder,,2021-08-27T14:09:11.300364+08:00
1,书签栏,folder,,2021-08-27T14:09:11.300362+08:00
