TargetPath,Url,TotalBytes,StartTime,EndTime,MimeType
E:\ideaIU-2021.2.exe,https://www.jetbrains.com/idea/download/download-thanks.html?platform=windows,775341200,2021-08-16T08:03:59.459166+08:00,2021-08-16T09:06:27.438096+08:00,binary/octet-stream
E:\perfectworldarena_win32_v1.0.22020811.exe,https://pvp.wanmei.com/,175910888,2022-02-10T16:34:23.246403+08:00,2022-02-10T16:36:05.97457+08:00,application/octet-stream
E:\perfectworldarena_win32_v1.0.22020811 (1).exe,https://pvp.wanmei.com/,175910888,2022-02-10T16:35:06.033942+08:00,1601-01-01T00:00:00+08:00,application/octet-stream
E:\chaoxingStudy1.0.6.24699.exe,http://appmarket.chaoxing.com/static/custom/xxt/pc/download.html,165187400,2022-03-14T04:34:59.864585+08:00,2022-03-14T04:36:00.834526+08:00,application/octet-stream
E:\BaiduNetdisk_7.7.5.3.exe,https://pan.baidu.com/s/1lfpR1uyndqWUfUgpGRNnfQ,159606112,2021-09-21T14:05:42.233832+08:00,2021-09-21T14:08:08.872078+08:00,application/x-msdownload
E:\BaiduNetdisk_7.7.0.5.exe,https://pan.baidu.com/s/1H5sCfiymcpGY5h8aO3y68A#list/path=%2FMyEclipse10%E5%AE%89%E8%A3%85%E5%8F%8A%E7%A0%B4%E8%A7%A3,157740400,2021-08-20T08:20:48.038698+08:00,2021-08-20T08:21:12.898856+08:00,application/x-msdownload
E:\EpicInstaller-13.0.0.msi,https://www.epicgames.com/store/zh-CN/,157548544,2021-12-03T14:28:35.417338+08:00,2021-12-03T14:33:28.169385+08:00,application/x-ole-storage
E:\TencentMeeting_0300000000_3.5.5.403.publish.exe,https://meeting.tencent.com/download-win.html,149564056,2022-03-13T05:20:17.31685+08:00,2022-03-13T05:24:18.524164+08:00,application/x-msdownload
E:\virboxprotector_trial_windows.exe,https://shell.virbox.com/down.html,145722720,2021-12-05T11:01:50.005638+08:00,2021-12-05T11:02:34.31185+08:00,application/octet-stream
E:\virboxprotector_2.4.1.15419_windows.exe,https://shell.virbox.com/down.html,143196296,2021-12-05T10:52:43.636288+08:00,2021-12-05T10:53:24.799183+08:00,application/octet-stream
E:\bleachvsnaruto_setup.exe,https://aac075.link.yunpan.360.cn/lk/surl_ySNpb3uUkWV#16125839032400740-0,130378483,2021-11-30T14:56:38.693977+08:00,2021-11-30T15:02:22.189187+08:00,application/octet-stream
E:\Badlion Client Setup 3.4.1.exe,https://client.badlion.net/,124367944,2021-10-31T03:30:27.508701+08:00,2021-10-31T03:34:46.176831+08:00,application/octet-stream
E:\yuanshen_setup_20220315162304.exe,https://ys-api.mihoyo.com/event/download_porter/link/ys_cn/official/pc_adbdsem,123924136,2022-04-07T03:10:33.272509+08:00,2022-04-07T03:11:02.349712+08:00,application/octet-stream
E:\MCLauncher_publish_1.8.0.35383.exe,https://mc.163.com/,123316280,2022-01-30T14:33:26.822767+08:00,2022-01-30T14:33:47.260709+08:00,application/x-msdos-program
E:\MCLauncher_publish_1.8.0.35383.exe,https://x19.gdl.netease.com/MCLauncher_publish_1.8.0.35383.exe,123316280,2022-04-07T16:16:37.677332+08:00,2022-04-07T16:16:56.991614+08:00,application/x-msdos-program
E:\YYSetup-9.3.0.1-zh-CN.exe,https://www.yy.com/web/pcyy_download/,117042776,2022-02-21T10:38:52.654463+08:00,2022-02-21T10:42:19.349243+08:00,application/x-msdos-program
E:\mclauncher_1.7.0.23010.exe,https://mc.163.com/,115227712,2021-12-11T13:47:13.061422+08:00,2021-12-11T13:48:16.384302+08:00,application/octet-stream
E:\mclauncher_1.6.0.42737.exe,https://mc.163.com/,106706848,2021-08-24T11:26:55.419619+08:00,2021-08-24T11:30:43.189797+08:00,application/octet-stream
E:\Feather Launcher Setup 1.1.6.exe,https://feathermc.com/download/windows,104144968,2022-04-24T05:19:16.761674+08:00,1601-01-01T00:00:00+08:00,application/octet-stream
E:\Feather Launcher Setup 1.1.6.exe,https://feathermc.com/download/windows,104144968,2022-04-25T07:18:53.293685+08:00,2022-04-25T07:19:32.094514+08:00,application/octet-stream
E:\WeSing_V1_WIN_KG_2.21.170_0319_GW_D.exe,https://kg.qq.com/index-pc.html,98404944,2021-11-30T12:05:03.14523+08:00,2021-11-30T12:09:35.700678+08:00,application/octet-stream
E:\PCQQ2021.exe,https://im.qq.com/pcqq,92455496,2021-09-04T02:03:10.416872+08:00,2021-09-04T02:03:44.442064+08:00,application/octet-stream
E:\OBS-Studio-27.0.1-Full-Installer-x64.exe,https://obsproject.com/welcome,89945032,2021-08-16T12:00:57.723574+08:00,2021-08-16T12:10:47.493256+08:00,application/octet-stream
E:\1__4001692.exe,https://weishi.360.cn/channel.html?package=1__4001692,87897432,2022-03-21T11:10:27.616862+08:00,2022-03-21T11:11:04.28716+08:00,application/octet-stream
E:\DGSetup_Home_BZ.exe,http://www.drivergenius.com/,87561064,2021-08-17T04:24:34.626067+08:00,2021-08-17T04:25:18.445201+08:00,application/octet-stream
E:\5EClient-6.1.26.exe,https://arena.5eplay.com/download/latest,84262336,2022-03-26T09:43:37.320717+08:00,2022-03-26T09:45:31.87918+08:00,application/octet-stream
E:\sogou_pinyin_119b.exe,https://pinyin.sogou.com/,83407360,2022-04-05T08:35:46.973249+08:00,2022-04-05T08:45:24.71242+08:00,application/octet-stream
E:\office tool plus及 激活代码.zip,https://vip.d0.baidupan.com/file/?AGZUagw9AjMACVFpUGUCblBvUmpTYwdjBWQBbgE+UjZSclp5DD4DOAU/B3ELL1E8WnUAdlLoAI0FiAMlBb8DvQCAVOUM5QLtALJRvFCnAuRQqlLWUyIHfwVrAXcBe1I1UjtaYQw0AwgFOgc1C2JRZFo3ADJSOgA7BTEDPAVuAyQAZlRwDGwCYQBgUT9QNgIzUD9SZFM9ByMFcgF3AWBSYVJiWj8MYAN4BWMHZgtwUWFaNAAqUjsANAVmAzcFaQNmAGVUMwxgAjQAYVE2UDMCNVAyUmVTaAc1BWMBZQE4UmVSZ1poDDUDZAVjBzILPlFlWjUANVIjAHgFawN1BX8DdwBzVGYMIwI/ADJROlA1AjpQOFJlUzUHNQU3ASEBKVI6Uj9aaAw3A2oFYgdnC2xRaVozADxSOgAzBTMDMQV3AywAJlRlDD0CIQBrUTZQMgIwUDNSZFM1BzAFNQEzAW5SdVInWn0MJgNqBWIHZwttUWZaMgAyUj0AMQUxAzAFfwN3AGlUcwxsAmAAZ1EpUDUCNlA4UnlTPQc8BTUBKQFsUmpSag==,76820531,2021-12-13T11:48:36.593358+08:00,2021-12-13T11:50:49.987097+08:00,application/octet-stream
E:\Clash.for.Windows-0.19.10-ikuuu.7z,https://dl.ikuuu.live/client-download/Clash.for.Windows-0.19.10-ikuuu.7z,75544620,2022-04-24T14:15:56.276691+08:00,2022-04-24T14:22:28.072681+08:00,application/x-7z-compressed
E:\hy_HL08K8NU.exe,http://huoying666.com/#hy666,74295536,2022-01-11T06:58:39.899976+08:00,2022-01-11T06:59:07.379899+08:00,application/octet-stream
E:\X.M安装器 (1).exe,https://developer.lanzoug.com/file/?AmRaZAs6BjdWX1ZuBzJUOAY5ATlWUVZ6BkwB4lakAIgC6gbyW4MGtwnGU60CeFw4ByUEZFUsBWEDbVowUWhTDQJrWmkLawZkVjZWNAdlVGQGZAEzVjBWcgZnAXRWNwA2AjYGYVszBmsJaFMyAmBcewctBHFVNwU1AzRablE/U30CMlo5C3kGYlYzVi8HY1Q3BmUBN1ZqVmMGZwE3Vj4AZAI6BjNbMgYwCW9TYQIzXG0HbQRnVWwFMwM1WmRROVNrAjtaaAtuBmZWNlY3B31UMAYkAWFWL1YhBnIBYlZ4AGgCZgZsWzcGZQloUzQCYVxsB2gEJ1V+BW4DaVo5UWtTbwIzWjsLYgZrVjVWMQdgVGMGagE8VidWegYnAWFWZgB2Aj8GYFswBmYJZlMwAmZcZAdkBDJVMwUhA3FaLFF6U28CM1o7C2IGalY5VjYHalRlBmwBN1YvViEGaAF3VjcAMAI6BmJbKAZjCWZTNwJ4XG8HbwQ1VSQFNgMzWm0=,74059776,2022-04-09T13:57:51.618272+08:00,2022-04-09T13:59:20.286516+08:00,application/octet-stream
E:\mcp919-master.zip,https://github.com/liaic/mcp919,69780527,2022-01-05T12:30:57.321357+08:00,2022-01-05T12:32:57.675685+08:00,application/zip
E:\realtek_audio_R.zip,https://cn.msi.com/Motherboard/MAG-B460M-MORTAR/support#driver,59649443,2022-04-26T13:08:13.841027+08:00,2022-04-26T13:08:39.203015+08:00,application/zip
E:\KuaiGun_v1.0.3.8.exe,https://www.kuaigun.com/,57406272,2021-08-16T12:39:57.438932+08:00,2021-08-16T12:40:22.463558+08:00,application/x-msdownload
E:\Themida_x32_x64_v3.0.4.0_Repacked.rar,https://down.52pojie.cn/Tools/Packers/Themida_x32_x64_v3.0.4.0_Repacked.rar,56895913,2022-02-13T05:06:15.104339+08:00,2022-02-13T05:08:12.402654+08:00,application/x-rar-compressed
E:\GoLink_v1.0.7.5.exe,https://update.golink.com/download/GoLink_v1.0.7.5.exe,55994624,2021-08-27T13:18:49.128291+08:00,2021-08-27T13:19:37.22267+08:00,application/x-msdownload
E:\UU-4.18.0.exe,https://uu.gdl.netease.com/4033/UU-4.18.0.exe,53697088,2022-02-27T03:39:02.92053+08:00,2022-02-27T03:39:43.458168+08:00,application/x-msdos-program
E:\Steam  _win_x64_v2.6.7.exe,https://developer.lanzoug.com/file/?UjQAPgk4Dz4ACQc/U2ZUOFZpUmoADAJ0AWMEY1FgUHoBKgcPCiBQbQQ8CgNTfwA3Uz1XDVN6BTUDKlNjXS8GMFJ8ADIJLA8+AHAHN1NuVDlWaVIIADYCZAE7BDRRPFBmATQHZApjUDYEagp6U2EAclM0V2dTPgU1AzxTZ103BjRSagBxCSQPKwBrB2NTN1RnVj5SeABvAjIBKQQyUTVQfgEzB2QKblBnBDAKbVM/AGJTbFdhUz0FNQNmU2xdOQZiUjAAYwljDzoAZwczU2ZUZlZvUmIAPAI0ATcEOlE+UGEBLwc1Ci9QYQR0CilTdABkU3tXO1NoBToDNVNmXTgGN1JnAGAJZQ99ACIHOFNqVDBWalJqAG4CNgEyBDRROVBmATcHaApmUDUEfApyUyEAZ1NlVyVTMQU2AzJTYV03BjNSZQBiCWMPbgBgB3dTclQlVntSagBuAjYBMgQ2UT9QZwE0B2kKYlA1BHQKKVNuAHFTNFdjUzwFNwMqU2xdNgYpUmAAYwlgD3UAZwdp,52282638,2022-03-05T10:23:32.776021+08:00,2022-03-05T10:29:49.053097+08:00,application/octet-stream
E:\HelpSenSe220314 (1).zip,file:///E:/%E7%BD%91%E7%AB%99/TMP1id4zef.htm,47055426,2022-03-14T04:15:48.243679+08:00,2022-03-14T04:15:48.469073+08:00,application/x-zip-compressed
E:\HelpSenSe220314 (2).zip,file:///E:/%E7%BD%91%E7%AB%99/index.html,47055426,2022-03-14T04:18:48.411146+08:00,2022-03-14T04:18:48.645927+08:00,application/x-zip-compressed
E:\DG5431328_x64.zip,https://www.diskgenius.cn/download.php,43887348,2022-03-21T11:21:27.607393+08:00,2022-03-21T11:22:47.878654+08:00,application/zip
E:\cloudmusicsetup2.7.5.198554.exe,https://music.163.com/api/pc/download/latest,42747880,2021-10-17T07:44:21.840986+08:00,2021-10-17T07:45:03.04407+08:00,application/octet-stream
E:\matrix-mod-client-master.zip,https://gitee.com/Matrixqwq/matrix-mod-client/repository/archive/master.zip,38921030,2021-12-19T09:24:46.29192+08:00,2021-12-19T09:25:08.694122+08:00,application/zip
E:\QiMiaoSetup.2.0.3.6.exe,https://www.qimiao.com/download.html?,36460840,2021-08-17T10:40:48.266821+08:00,2021-08-17T10:41:05.385943+08:00,application/octet-stream
E:\VqOtIfqMxrW72EF.rar,https://0xcheats.net/download.php?game=gta5cn,30601270,2022-03-20T14:53:03.779638+08:00,2022-03-20T15:26:18.012908+08:00,octet/stream
E:\SunloginClient_12.0.1.39931_x64.exe,https://sunlogin.oray.com/download/,30358064,2021-08-24T07:50:35.205944+08:00,2021-08-24T07:53:02.522647+08:00,application/octet-stream
E:\BlackObfuscator-Windows-x64-1.0.0.zip,https://github.com/CodingGay/BlackObfuscator-GUI/releases/tag/1.0.0,30141590,2022-02-20T09:48:02.898489+08:00,1601-01-01T00:00:00+08:00,application/octet-stream
E:\BlackObfuscator-Windows-x64-1.0.0.zip,https://github.com/CodingGay/BlackObfuscator-GUI/releases/tag/1.0.0,30141590,2022-02-20T09:54:41.895356+08:00,1601-01-01T00:00:00+08:00,application/octet-stream
E:\BlackObfuscator-Windows-x64-1.0.0.zip,https://github.com/CodingGay/BlackObfuscator-GUI/releases/tag/1.0.0,30141590,2022-02-20T09:52:25.113108+08:00,1601-01-01T00:00:00+08:00,application/octet-stream
E:\cmake-3.23.1-windows-x86_64.msi,https://cmake.org/download/,29245440,2022-04-25T14:56:12.356467+08:00,2022-04-25T15:01:33.121705+08:00,application/octet-stream
E:\cmake-3.23.1-windows-x86_64.msi,https://cmake.org/download/#latest,29245440,2022-04-25T14:52:03.155493+08:00,1601-01-01T00:00:00+08:00,application/octet-stream
E:\皇冠-11-4追踪版本：大概率封号待修复.zip,https://vip.d0.baidupan.com/file/?UzVbZQk4ATBWXwoyVmMFaQY5BT1X7wGZVdVauVSOW/pTflQyXTEBeAFjU+0H7FfrB7UHulKnU7YKhFDeV+1TzlP/W+MJ6AHPVuUK+FalBeIG+gWCV+8BjVXVWrlUuFvbU7ZUjF23AbAB6VOAB7dX6QfzB+dSqVPcCiNQLFdiUyJTdVtqCT0BOVZlCgNWawVgBmEFNVc9ATRVYlppVD9baFNlVCVdZgEmAWpTNwdjV2IHaAczUjtTYAo8UHBXe1MiU25bPglkAWdWMQpzVjMFNQZzBTBXPAEsVWZaalRtWz5TN1Q3XWEBMAFmUzMHMlcyBzwHOlI+UzIKa1AzVzlTY1NkWzQJNgFgVjUKbFYyBTMGPQVmV20BOlV8WiZUYVsqU3VUdl1zATABJVNsBzdXawdsBzNSO1NgCj1QZlc+U3RTJ1tlCTkBMFZmCmFWMwUyBm8FNlc5ATJVYFpqVD9bbVN9VC1dJgEzATtTcgduV2cHawcxUjtTYAo8UGdXPlNgU2dbKgkhASVWdwphVjMFMgZvBTZXOAEzVWZaa1Q+W2NTdVR2XWkBJQFqUzMHYld4B2wHN1I/U38KPFBvVzxTfFNiWzUJYg==,20451611,2021-11-05T11:27:56.9844+08:00,2021-11-05T11:28:55.550001+08:00,application/octet-stream
E:\JoJoStands_v2.1.1.tmod,https://pan.baidu.com/s/1H9kUi-PzVucWXhMA1VvQWQ,20226075,2021-09-11T08:58:02.241406+08:00,2021-09-11T09:02:18.329925+08:00,application/octet-stream
E:\cmake-3.23.1 (1).zip,https://objects.githubusercontent.com/github-production-release-asset-2e65be/537699/976b5e69-edd3-48a0-9d3b-514dd19798dc?X-Amz-Algorithm=AWS4-HMAC-SHA256&X-Amz-Credential=AKIAIWNJYAX4CSVEH53A%2F20220425%2Fus-east-1%2Fs3%2Faws4_request&X-Amz-Date=20220425T102756Z&X-Amz-Expires=300&X-Amz-Signature=faa50c4b4f142ddc9ca39e327027d6845be4f848a437f097d2e50eae7f32ab9a&X-Amz-SignedHeaders=host&actor_id=0&key_id=0&repo_id=537699&response-content-disposition=attachment%3B%20filename%3Dcmake-3.23.1.zip&response-content-type=application%2Foctet-stream,17547101,2022-04-25T10:28:32.167822+08:00,1601-01-01T00:00:00+08:00,application/octet-stream
E:\cmake-3.23.1.zip,https://objects.githubusercontent.com/github-production-release-asset-2e65be/537699/976b5e69-edd3-48a0-9d3b-514dd19798dc?X-Amz-Algorithm=AWS4-HMAC-SHA256&X-Amz-Credential=AKIAIWNJYAX4CSVEH53A%2F20220425%2Fus-east-1%2Fs3%2Faws4_request&X-Amz-Date=20220425T102756Z&X-Amz-Expires=300&X-Amz-Signature=faa50c4b4f142ddc9ca39e327027d6845be4f848a437f097d2e50eae7f32ab9a&X-Amz-SignedHeaders=host&actor_id=0&key_id=0&repo_id=537699&response-content-disposition=attachment%3B%20filename%3Dcmake-3.23.1.zip&response-content-type=application%2Foctet-stream,17547101,2022-04-25T10:28:23.910642+08:00,2022-04-25T10:29:22.107199+08:00,application/octet-stream
E:\cmake-3.23.1 (2).zip,https://objects.githubusercontent.com/github-production-release-asset-2e65be/537699/976b5e69-edd3-48a0-9d3b-514dd19798dc?X-Amz-Algorithm=AWS4-HMAC-SHA256&X-Amz-Credential=AKIAIWNJYAX4CSVEH53A%2F20220425%2Fus-east-1%2Fs3%2Faws4_request&X-Amz-Date=20220425T102756Z&X-Amz-Expires=300&X-Amz-Signature=faa50c4b4f142ddc9ca39e327027d6845be4f848a437f097d2e50eae7f32ab9a&X-Amz-SignedHeaders=host&actor_id=0&key_id=0&repo_id=537699&response-content-disposition=attachment%3B%20filename%3Dcmake-3.23.1.zip&response-content-type=application%2Foctet-stream,17547101,2022-04-25T10:28:44.811518+08:00,1601-01-01T00:00:00+08:00,application/octet-stream
E:\ShuDaXia_PC_OFFICES_Setup_v2.6.0.7.exe,https://down.shudaxia.com/ShuDaXia_PC_OFFICES_Setup_v2.6.0.7.exe,17397128,2021-08-20T11:20:24.403932+08:00,2021-08-20T11:22:30.037901+08:00,application/octet-stream
E:\ikvmbin-7.2.4630.5.zip,https://sourceforge.net/projects/ikvm/files/latest/download,16331647,2021-08-27T14:12:03.781622+08:00,2021-08-27T14:49:07.98366+08:00,application/octet-stream
E:\SakuraLauncher.exe,https://getfrp.sh/l/SakuraLauncher.exe,14352632,2021-09-11T08:40:16.734924+08:00,2021-09-11T08:40:51.813068+08:00,application/octet-stream
E:\开服一件套.zip,https://vip.d0.baidupan.com/file/?VzFWaAAxVWQJAAoyBTBRPQM8VW1e5Aa4V9AE5AHBU99XswHuXYAPvwHsULALulXxWpcBKlF0AWpXIFJyUWtSOlc7VmQAAlVoCTsKYQVkUWEDaFVjXjYGNVdmBDIBe1M0VyQBa10xD2gBblAzC2xVYVowATFRKAFzVyBSaVE/UmNXZVYwAHJVMQlnCnMFYlFhA3ZVaV42BmBXYgRgAThTYVdnAWRdYQ9pATZQYws6VTZaZQFhUTsBZVc1UmdRPFJjVzNWYAA4VTEJagptBWVRMgM/VX5eewZtVyAEJAEoUyFXMgEkXWkPPwFqUDQLblVjWjcBMlE5ATpXdlIgUWRSPlcyVmcAYFUwCWkKbwVmUWgDalVkXjkGMVdmBCwBc1N0VzEBOl13D2YBZlAwC2xVY1ozATxROQE1V2NSYlErUiZXJ1Z2AGBVMAlpCm8FYVFkA2lVZV4xBjdXYQQkAShTO1cnAWtdNg9qAXlQNwttVW1aLgE1UT4BMld+UmNRPg==,13953505,2021-11-25T09:50:58.608003+08:00,2021-11-25T09:52:21.261909+08:00,application/octet-stream
E:\ToDesk_Setup.exe,https://www.todesk.com/download.html,13706624,2021-10-17T04:46:24.871946+08:00,2021-10-17T04:47:51.926716+08:00,application/octet-stream
E:\kuaizip_setup_v3.3.0.7_kzgw_001.exe,http://www.kuaizip.com/,13356480,2022-01-26T16:26:19.6347+08:00,2022-01-26T16:26:37.081473+08:00,application/x-msdownload
E:\LOL_V4.2.6.7-V4.2.6.8_PATCH_0_tgod_signed.exe,https://lol.qq.com/download.shtml,12667872,2022-02-01T10:26:23.483107+08:00,2022-02-01T10:26:47.149772+08:00,application/octet-stream
E:\rcsetup153.exe,https://www.ccleaner.com/recuva/download/standard,11667032,2022-03-21T11:45:35.259612+08:00,2022-03-21T11:54:54.911925+08:00,application/octet-stream
E:\oP96l3osJn.exe,https://www.vape.gg/download,10732336,2021-11-02T07:49:12.69964+08:00,2021-11-02T07:49:37.409598+08:00,application/octet-stream
E:\HvupzL2Xv3.exe,https://www.vape.gg/download,10732336,2021-10-18T11:45:43.881523+08:00,2021-10-18T11:46:07.575317+08:00,application/octet-stream
E:\v9iYnRHH4q.exe,https://www.vape.gg/download,10732336,2021-11-29T13:22:24.123041+08:00,2021-11-29T13:22:55.393195+08:00,application/octet-stream
E:\hGqvKQCQw9.exe,https://www.vape.gg/download,10562584,2022-03-31T10:48:41.168888+08:00,2022-03-31T10:48:57.081832+08:00,application/octet-stream
E:\exe4j_windows-x64_6_0_1.exe,https://download.apponic.com/Z9oVdbU79aCqsgluxGsuFNotQNSJC-an3sQ3wBRzqvpS_U2PO6xNdTtbCB7FCjw9zO5ccEB6D-CiYgMSJfuII603vmJlbUFkWhEmxoEOBrCqsHl8ao6muDnk0iL_-Jr6nfsYsZUTToWepS59_C5Tjd8ciQ-XplEMPXvn/,9738272,2021-12-18T09:55:34.470259+08:00,2021-12-18T10:00:26.416142+08:00,application/octet-stream
E:\deobfuscator.jar,https://github.com/java-deobfuscator/deobfuscator/releases,9011245,2022-02-15T14:45:18.847172+08:00,1601-01-01T00:00:00+08:00,application/octet-stream
E:\HSDLmultil_qytg_v2.3.2.exe,https://qytg.huashengdaili.com/?bdpc-2211220065&bd_vid=11211145528348516565,8556688,2022-01-29T14:09:11.229313+08:00,2022-01-29T14:09:25.458099+08:00,application/x-msdownload
E:\SourceHanSansCN-Normal.ttf,http://www.diyiziti.com/download/220/,8173832,2021-11-27T02:03:43.281617+08:00,2021-11-27T02:04:03.511383+08:00,application/octet-stream
E:\dnSpy-4.0.0.zip,https://github.com/cnxy/dnSpy/archive/v4.0.0.zip,8132897,2022-03-11T15:03:09.471218+08:00,2022-03-11T15:06:29.213277+08:00,application/zip
E:\FDPClient-main.zip,https://github.com/UnlegitMC/FDPClient,7981879,2022-01-15T09:21:18.672069+08:00,2022-01-15T09:28:34.035733+08:00,application/zip
E:\HEU_KMS_Activator_v24.6.1.rar,https://pan.baidu.com/s/1fYfhIp1Q4HsQfVvY44NCNg#list/path=%2Fsharelink1468467515-279965896641508%2F%E6%BF%80%E6%B4%BB%E5%B7%A5%E5%85%B7&parentPath=%2Fsharelink1468467515-279965896641508,7734246,2022-03-22T13:15:58.80567+08:00,2022-03-22T13:17:37.895902+08:00,application/x-rar-compressed
C:\Users\ruochen\Desktop\mda-kekj22hqexcnhaq6.mp4,https://m.baidu.com/video/page?pd=video_page&nid=15809683046440071468&sign=2024983806935387455&word=%E6%B5%B7%E5%8D%97%E9%B8%A1%E9%A5%AD&oword=%E6%B5%B7%E5%8D%97%E9%B8%A1%E9%A5%AD&atn=index&frsrcid=5377&ext=%7B%22jsy%22%3A1%7D&top=%7B%22sfhs%22%3A1%2C%22_hold%22%3A2%7D&sl=4&trace=8767411054561804006&isBdboxShare=1&isBdboxShare=1&_t=1639573897622,7393182,2021-12-15T13:11:48.538085+08:00,2021-12-15T13:11:51.52171+08:00,video/mp4
E:\CSGO平台5E自瞄压枪扳机预警透视辅助破解版.exe,https://developer.lanzoug.com/file/?VzFbZQAxDz4FDFRsAjcAbAM8Bj4DH1YHVRVWHwC5A7tV5gKwDtwO6lQ3ChkCvlXTAfED4QDBC40B4waOXItStVfJW6YAuw/SBeBU5ALKALsDsAahA9hWvFX/VvYAtQOCVdoCvQ70DtxU6griAtNVsQHRA68AuAupAbIG6FynUvBXsFuFANUPdQU2VHoCMwAnAz8GagMwVjFVDVY5ADgDP1VgAmUOYw5jVDEKbQJkVWUBfQNgACwLNAExBjFcOVJhV2dbNQBuD30FI1RyAmsAMwNpBjEDbVZ7VWJWaABzAzNVbQJ6DmoOaVQ3CmsCZFUxAWgDZABqC2gBMAY0XGRSZVdgWzwAaA9tBWRUMgJjAGMDOwYxA2xWMVUxVmgAbgM1VWECYw59Dj9Uego5AnBVIQEoA2MALQtgAWIGPVw0UmdXbls8AGUPbQV1VHYCPwBsAzwGZQNhVmVVZFZkAGQDNlVmAmwOYw5vVDsKcgJ4VXIBPQNqACgLNAE3BjZcNFJkV2BbOQBtD2gFYFQ6AnAAdAMpBnQDYVZlVWRWYgBlAzBVYwJmDmsOaFQyCnoCI1U9ASsDOwBuCzEBNQYuXDFSaldlWyIAbw9pBWVULAJnADQDbg==,7192093,2022-03-28T03:27:47.511652+08:00,2022-03-28T03:28:04.700153+08:00,application/octet-stream
E:\登录界面项目.zip,https://pan.baidu.com/s/1lfldfiW6XBNwRjAbSQm6Kg,6774584,2022-04-04T15:34:29.64199+08:00,2022-04-04T15:36:00.497246+08:00,application/zip
E:\luyten-0.7.0 jar包反编译工具.zip,https://gitee.com/login?redirect_to_url=http%3A%2F%2Fgitee.com%2Fdxl96%2Fresources%2Fraw%2Fmaster%2Fluyten%25E5%258F%258D%25E7%25BC%2596%25E8%25AF%2591%25E5%25B7%25A5%25E5%2585%25B7%2Fluyten-0.7.0%2520jar%25E5%258C%2585%25E5%258F%258D%25E7%25BC%2596%25E8%25AF%2591%25E5%25B7%25A5%25E5%2585%25B7.zip,6435397,2021-12-24T07:53:54.999605+08:00,2021-12-24T07:54:12.253217+08:00,application/zip
E:\BANDIZIP-SETUP-STD-X64.EXE,http://www.bandisoft.com/,6327848,2021-08-16T07:06:57.330637+08:00,2021-08-16T07:07:23.685459+08:00,application/octet-stream
E:\WeGameMiniLoader.LOL.2.6.8.1407.exe,http://lol.qq.com/download.shtml,6313040,2022-02-01T10:46:43.876994+08:00,2022-02-01T10:46:57.694012+08:00,application/octet-stream
E:\EZ4ENCE (kannatuslaulu)-The Verkkars.mp3,https://pan.baidu.com/s/1k7MvRQyrw9Aq_N-R3wUrwA,6162739,2022-04-08T03:18:35.297071+08:00,2022-04-08T03:19:47.567261+08:00,audio/mpeg
E:\KMSAuto Net.zip,https://pan.baidu.com/s/1cNOBbXjdrTsci8L_Ga8XxQ?_at_=1629098252654,5887118,2021-08-16T07:17:34.946037+08:00,2021-08-16T07:18:53.991468+08:00,application/zip
E:\ShanDianHuiFuB_A280A9U.exe,http://www.shandianhuifu.com/jj/b.html?k=a105000003,5880640,2022-03-21T11:01:23.085834+08:00,2022-03-21T11:01:44.508617+08:00,application/x-msdownload
E:\ViaMCP-main.zip,https://github.com/LaVache-FR/ViaMCP,5640616,2021-09-03T12:17:29.41786+08:00,2021-09-03T12:22:22.247462+08:00,application/zip
E:\XunLeiWebSetup11.3.9.1902gw.exe,https://www.xunlei.com/,5429792,2022-04-01T08:01:24.113536+08:00,2022-04-01T08:01:24.772459+08:00,application/octet-stream
E:\CSGO_老猫5E骨骼透视辅助破解版.exe,https://developer.lanzoug.com/file/?BGIBPw4/Dj8FDFFpBzJQPAA/ATlUSFABUhIBSFdUVr9U1FSCWuAD2wb7VDdXRgbuW6tQ/VHnUPhW7VC/B9tX2QTsAfEO1Q6yBe1Rgge2UNsA8wHjVKtQ5lK9AaBXqFawVN1Ui1opAzIGKFRnVyUGYVtoUDlRa1ANVjhQMgdmV2AENQFuDmYObgVmUTYHZVB3ADwBd1Q2UGdSZAE2VzlWYVRsVDdaIQMnBiBUP1cxBjdbM1BnUSFQYlZjUHkHa1dvBCsBYA41DjkFYVFkBzZQMwBoAT1UalBnUjEBY1c6VjRUNlQ6WjIDZQY1VDBXZwY/WzdQbFE+UDFWNFBuBzlXYgQ0AXgONg4iBTZRIQcmUCIAPwF2VGJQNlJoATNXP1ZuVGRUO1oxA3EGJFRrV24GYltnUGhRP1BkVmVQbgdvV2UEMQFmDmIObgV9USkHdVA3ADYBc1Q2UGNSYwEzVzNWZFRiVDdaPwNjBmNUJFd2BndbdlBoUT9QZFZlUGIHaFduBDYBYw5nDmgFdVFyBzpQIQBnATVUM1BhUnsBNlcyVmVUelQxWjUDYQZ+VDNXNgYw,5112684,2022-03-28T02:20:14.825271+08:00,2022-03-28T02:20:51.598358+08:00,application/octet-stream
E:\CSGO_亲测稳定显卡透视5e完美破解版.exe,https://developer.lanzoug.com/file/?CG4FOw8+AjNRWFdvBzJSPgA/AzsFGQJTCkoGTwcEVbBV7wbjCLMP7lKPVOUG+ga0Ab4GrQLHCu4DnFriBbxT3wipBbsP0gLZUe9XpgfVUmYAPwPjBfQCjArqBr4H1VWzVfUG5Qi9D/xSp1TlBtsGjwF1BmYCJQptAyJaOgUwUz4IbQUNDzsCMlE6VzUHalJgAGsDMQVvAjcKPgYmBz1VJ1VoBmUIbA9uUjdUMAZqBjYBfQZzAi0KNQM2WmwFa1NjCCcFYg9qAnlRN1c2B3xSNwA5AzEFPwIyCjgGOAdqVWNVYAZlCDMPOFIwVDEGZwY/AW4GZgJpCjsDN1pvBWxTMAg7BTYPYAJvUTVXNAdhUn0APwN+BT8CJgp4BnMHPlUmVTwGNQhoD29SMFQ7BmIGPwFtBiUCKQphA2laOQU/U28IOQVkD2YCblEzVzIHa1JqAG8DMAV0Ai4KKwZmBzdVI1VoBmAIYw9vUjxUNgZgBjABbwYyAmsKLgNxWiwFLlNvCDkFZA9gAm5RNFcwB2RSYQBuAz8FfAJ1CmQGcAdmVWVVbQZiCHsPalI9VDAGfAY1AWkGNQJzCjkDMVpr,4953281,2022-03-28T03:25:55.58836+08:00,2022-03-28T03:26:11.95458+08:00,application/octet-stream
E:\innosetup-6.2.0.exe,https://jrsoftware.org/isdl.php,4699720,2021-12-18T10:30:41.795229+08:00,2021-12-18T10:31:19.326724+08:00,application/x-msdos-program
E:\TerrarianBizzareAdventure.tmod,https://pan.baidu.com/s/1HcYpryCdE-QiUZpxTftS0g,4405488,2021-09-11T08:08:09.324661+08:00,2021-09-11T08:09:08.76901+08:00,application/octet-stream
E:\CSGO-5E平台皮肤修改器.exe,https://developer.lanzoug.com/file/?UjRUaltqBTRVXAU9Cj8BbVFuVW1fQ1YHAUFUHQd2ATUARVLgDekO6VHiCtMF4VexV5dS+VPkBoYLqAflBeYDrFK0VJdbvwW0VZoF+wpwAWVRc1U1XyZWMgFvVD4HPgFfAGlSYQ1tDm9RMApkBWhXZlc/UmBTOAYiC2oHcgVkAzZSYVQ1WzQFY1U3BWMKeAFwUXtVbV8yVmQBNFRjB3QBMQAyUioNYQ5qUSgKbgVnV2VXOFJvUzwGYAs+BzIFagM3UjZUZ1tgBTVVZwUwCmgBOVE/VWBfOVZjATNUYAdoATkAY1I8DWcOO1E+CnIFNFcuV2hScVN5BncLaQdzBTADZlJvVDdbMgVoVTMFawpoASZRf1U5X21WMQFgVG8HagE2ADRSPQ1kDmlRMgptBWlXZFcjUnlTKgZiC2AHdgVkAzNSZFQ3Wz4FY1U7BWQKagExUTtVdl91ViQBcVRvB2oBNgAzUjwNYQ5qUTcKagVjV2RXK1IiU2UGdAsxBzAFYQMxUnxUMls/BWNVLQVhCmwBNlElVWFfNVZj,4362240,2022-03-28T02:23:01.640654+08:00,2022-03-28T02:23:37.343258+08:00,application/octet-stream
E:\CSGO_小蒙5e可用透视自瞄雷达辅助破解版.exe,https://developer.lanzoug.com/file/?CW9WaFprADEJAFNrVmMAbFdoVGwDHwNSVxdRGAYFVLACslWNDbgDxQLNVDdRYFayA9ZT+V7mVMIGqVO8At5R3wnhVqZagQC8CdhTr1blAJ9XiVS4A8cDtle4UekG5FS9ArxVhw21A90C/VTlUaVW4wOxU/FeolSxBohT3QJwUTUJcVZkWiEAMgk2U2lWZwBeV2RUNQNhAzdXYFFmBmpUYwI1VTENZgNxAjJUcVE4VmMDaVNkXjVUYwY3U2UCeFEgCXlWPFo1AGQJbVM3Vi0AMVc8VH4DbQM1V39RNgZrVDMCZ1VnDWgDNAJjVGRRPVYyA25TMl4xVGEGNVNlAmdRZgk9VjlaYwBlCWhTMFY3ADJXP1QwAz0DOFdpUXkGP1QtAmdVJA0lAyQCMVRwUWxWMwNkU2JeNVRvBjFTbQJoUXYJfVZoWmoAMQk5UzhWMwA3VzlUaQNoAzJXZFFnBmlUYwIsVSwNdgMxAjhUdVE4VmYDb1NiXjlUZAY2U2MCaFFkCTFWJ1pyACQJKFM4VjMAN1c5VGMDbQMyV2BRYwZtVGwCJFV3DTkDJwJpVDNRPVZkA3dTZ144VGQGL1NnAmxRZgknVjBaMgBj,4024560,2022-03-28T02:03:56.69396+08:00,2022-03-28T02:04:23.809956+08:00,application/octet-stream
E:\JZFormatFactoryCovIns.exe,https://soft.tianjimedia.com/zhuanhuanruanjian/?source=baidu&plan=%E6%A0%BC%E5%BC%8F%E8%BD%AC%E6%8D%A2-%E5%B7%A5%E5%8E%82&unit=%E6%A0%BC%E5%BC%8F%E5%8C%96-%E8%BD%AF%E4%BB%B6&keyword=%E6%A0%BC%E5%BC%8F%E8%BD%AC%E6%8D%A2%E5%B7%A5%E5%8E%82&e_creative=50449260873&e_keywordid=308813979901&bd_vid=11613319857606579768,3871848,2022-04-08T06:45:53.137668+08:00,2022-04-08T06:46:03.716568+08:00,application/octet-stream
E:\BatToExeConverter_3.0.8_XiaZaiBa.zip,https://down.365kuaikuai.com:2233/kuai/7gK/PRZk85Aw/HU/3EFI,3850470,2021-10-18T13:49:23.689305+08:00,2021-10-18T13:49:40.249342+08:00,application/x-zip-compressed
E:\CSGO-SW多功能辅助支持5E破解版.exe,https://developer.lanzoug.com/file/?VTNSbFtqATAJAAI6U2YGagQ7BT1RTVABUREDSlMiUgAFUlroXaRUmgm6V4sKwQfuU4pT61PkALwDgVGyV4FW/lWzUpFbqQGzCdMC1VMyBkIEuQWgUbpQulHxA6ZT6FLaBY1aI11lVHgJOlcnCjgHb1NlUzNTUwBrA2BRalc/Vm5VZlI0WzIBZQloAmJTIQZhBC0FPVE9UGRRYQMxUz5SYgU3WitdcFRwCWJXMwpuBzRTOFN5UzwAOgMrUWdXPFZ4VWRSY1s0ATMJaQJmUzIGZARmBThRbVAzUWEDNlM+UmcFZlpoXTBUMglpVzMKaAdgUzBTZFNtAGADZlEyVzhWNVV7UmBbfgEwCXkCIVN0BmIELAVpUWpQb1FiAzFTNlJjBT1aO10mVHQJNldsCjsHYFM0U2dTOgA2AzxRY1c4VmJVYVI2WzYBewlxAnJTYQZrBCkFPVE/UGRRYgMyUzlSZAU8WjRdM1Q2CXlXdAouB3FTNFNnUzoAMAM8UWRXOlZkVWBSMVswAXMJKgI9U3cGOgRvBThRPVB8UWcDPFM9Un0FN1o/XTZULgluVzQKaQ==,3674112,2022-03-28T02:27:10.114139+08:00,2022-03-28T02:28:09.259532+08:00,application/octet-stream
E:\下载器X解压到桌面使用.zip,http://apexlts02.uepan.com/,3577293,2021-11-05T12:38:18.029512+08:00,2021-11-05T12:38:29.072741+08:00,application/download
,http://xiazai.superrecovery.cn/SuperRecoveryjhmb11.0.exe,3554216,2022-03-21T11:39:18.024722+08:00,1601-01-01T00:00:00+08:00,application/x-msdownload
,http://xiazai.superrecovery.cn/SuperRecoveryjhmb11.0.exe,3554216,2022-03-21T11:39:17.326662+08:00,1601-01-01T00:00:00+08:00,application/x-msdownload
,http://xiazai.superrecovery.cn/SuperRecoveryjhmb11.0.exe,3554216,2022-03-21T11:39:16.314676+08:00,1601-01-01T00:00:00+08:00,application/x-msdownload
,http://xiazai.superrecovery.cn/SuperRecoveryjhmb11.0.exe,3554216,2022-03-21T11:35:54.03509+08:00,1601-01-01T00:00:00+08:00,application/x-msdownload
,http://xiazai.superrecovery.cn/SuperRecoveryjhmb11.0.exe,3554216,2022-03-21T11:39:17.616878+08:00,1601-01-01T00:00:00+08:00,application/x-msdownload
,http://xiazai.superrecovery.cn/SuperRecoveryjhmb11.0.exe,3554216,2022-03-21T11:35:53.346473+08:00,1601-01-01T00:00:00+08:00,application/x-msdownload
,https://www.superrecovery.cn/xiazai/,3554216,2022-03-21T11:39:31.177026+08:00,1601-01-01T00:00:00+08:00,application/x-msdownload
,http://xiazai.superrecovery.cn/SuperRecoveryjhmb11.0.exe,3554216,2022-03-21T11:39:18.965085+08:00,1601-01-01T00:00:00+08:00,application/x-msdownload
,http://xiazai.superrecovery.cn/SuperRecoveryjhmb11.0.exe,3554216,2022-03-21T11:39:18.611203+08:00,1601-01-01T00:00:00+08:00,application/x-msdownload
,http://xiazai.superrecovery.cn/SuperRecoveryjhmb11.0.exe,3554216,2022-03-21T11:39:18.420183+08:00,1601-01-01T00:00:00+08:00,application/x-msdownload
,http://xiazai.superrecovery.cn/SuperRecoveryjhmb11.0.exe,3554216,2022-03-21T11:39:18.231619+08:00,1601-01-01T00:00:00+08:00,application/x-msdownload
,http://xiazai.superrecovery.cn/SuperRecoveryjhmb11.0.exe,3554216,2022-03-21T11:35:49.098406+08:00,1601-01-01T00:00:00+08:00,application/x-msdownload
,http://xiazai.superrecovery.cn/SuperRecoveryjhmb11.0.exe,3554216,2022-03-21T11:39:17.829501+08:00,1601-01-01T00:00:00+08:00,application/x-msdownload
E:\winrar-x64-602scp.exe,http://www.winrar.com.cn/download-60264scp.html,3475792,2022-01-27T09:19:24.319562+08:00,2022-01-27T09:19:42.784975+08:00,application/octet-stream
E:\CSGO_凤雏官匹5E多功能辅助破解版.exe,https://developer.lanzoug.com/file/?UDZWaA4/BjcIAQA4AzZWOlNsATkAHFYHVhYASVZVAORT1FuoXuoCzQnQALMD+QKbV+gEjVC2VmFQEgTnUalSyVC1VosOzAa6CN0A6wO/VulTjAHhANVW/Va2AKZWvgDpU/Rbr17kAt8J1wB4AzICe1doBCdQaVY9UDsEZ1FSUjpQNFY8DmUGYAhuAGQDY1ZmUz8BMwB5VjJWIgA7VjkAMlNnWzpeNwJlCW0AcAMnAnNXMAQzUD9WZlBlBC1RPVJhUH9WMA5iBn0IOwBuA2BWNVM+ATEAaVZnVjUAM1YyADJTN1s6XmACZQlrAGEDMgIwVzgEZ1A6VmdQYwQ0UWhSZVA2VjgOagZlCHAAMwMvVjJTLwFxACxWMVYjAG9WbgA8U2dbOF46AmYJZwBgA3ECd1dkBGxQalYyUGoEM1E7UmdQaFY1DmAGYQhtAGADYFZ5UycBIgA5VjhWJgA7VjsAN1NnWzReMAJgCWsAZQNjAjJXKwR0UH9WI1BqBDNRO1JnUGRWNA5mBmoIZgBuA2VWcVN8AW0AL1ZpVmAANlY6AC9Tals7Xi0CZAlrAGIDeQIx,3346432,2022-03-28T01:52:47.351613+08:00,2022-03-28T01:53:08.111741+08:00,application/octet-stream
E:\迅捷音频转换器cpc-bd03.exe,https://pc.recuvachina.com/audioconverter2A/downloadsuccess-audioconverter.html?utm_source=baidu-3&utm_medium=cpc&utm_campaign=23-mp3%E5%90%88%E5%B9%B61&utm_term=mp3%E5%9C%A8%E7%BA%BF%E9%9F%B3%E9%A2%91%E5%89%AA%E8%BE%91%E5%B7%A5%E5%85%B7&bd_vid=11636096348272867847,3293728,2022-04-08T06:53:36.590542+08:00,2022-04-08T06:53:55.502666+08:00,application/octet-stream
E:\迅捷视频转换器cpc.exe,https://pc.recuvachina.com/video2/download_video.html?utm_source=baidu-3&utm_medium=cpc&utm_campaign=8-%E8%A7%86%E9%A2%91%E8%BD%AC%E6%8D%A2%E6%96%B0%E8%AF%8D&utm_term=mp3%E8%BD%AC%E6%8D%A2mp4&bd_vid=12349607316745326227,3078688,2022-04-08T07:21:36.550029+08:00,2022-04-08T07:21:48.956798+08:00,application/octet-stream
E:\迅捷视频转换器cpc (1).exe,https://pc.recuvachina.com/video2/download_video.html?utm_source=baidu-3&utm_medium=cpc&utm_campaign=8-%E8%A7%86%E9%A2%91%E8%BD%AC%E6%8D%A2%E6%96%B0%E8%AF%8D&utm_term=mp3%E8%BD%AC%E6%8D%A2mp4&bd_vid=12349607316745326227,3078688,2022-04-08T08:52:35.40503+08:00,2022-04-08T08:52:44.05842+08:00,application/octet-stream
E:\HMCL-3.3.197.exe,https://www.minebbs.com/resources/hmcl.2029/download,2975412,2021-10-21T12:16:09.665156+08:00,2021-10-21T12:16:21.814397+08:00,application/octet-stream
C:\Users\ruochen\Desktop\0d5d6d230a246a474dc5d1548fb22b22890df6aa.png,https://space.bilibili.com/283538/search/dynamic?keyword=%E5%85%89%E5%A4%B4%E5%BC%BA,2797326,2021-12-30T11:10:27.335933+08:00,2021-12-30T11:10:29.63873+08:00,image/png
E:\XD_Set-Up.exe,https://creativecloud.adobe.com/apps/download/xd,2396888,2021-08-25T10:25:12.89838+08:00,2021-08-25T10:26:12.105268+08:00,application/octet-stream
E:\hwid.exe,https://www.vape.gg/account/update-hwid,2355368,2022-03-31T10:46:12.447108+08:00,2022-03-31T10:46:20.819432+08:00,application/octet-stream
E:\processhacker-2.39-setup.exe,https://sourceforge.net/projects/processhacker/files/processhacker2/processhacker-2.39-setup.exe/download,2267848,2022-04-25T09:38:26.301851+08:00,2022-04-25T09:38:59.255728+08:00,application/octet-stream
E:\Office_PCDownload110045.exe,https://pm.myapp.com/invc/xfspeed/qqpcmgr/download/Office_PCDownload110045.exe,2186968,2021-12-13T11:16:47.100629+08:00,2021-12-13T11:16:59.025369+08:00,application/x-msdownload
E:\QQPCDownload1830.exe,https://guanjia.qq.com/,2149304,2021-10-21T12:49:42.102496+08:00,2021-10-21T12:50:03.483558+08:00,application/x-msdownload
E:\jbe-0.1.1.zip,https://developer.lanzoug.com/file/?VzFRbwEwVGUDCgoyVGFVOVRrBj4ANQpqBGYDKAFtWnUHNgd+XjIFfwEtUW5XcwEmU28PY15tAGcDW1Q7UmoEOFdjUTUBZVQ0A2EKa1QzVWxUKAZlACwKNQQxAzQBb1pvBzQHYF46BXcBJ1F3Vz4BMlM5DzheMAAtAzRUZ1IhBDRXYlEpAT5UOANmCj9UN1U1VDoGOgA5Cm0ENgNmATxaaAdhB2NeMgVnAWVRN1c6ATJTPQ84XjUANgM8VDZSbAQzVzFRYwFyVHoDPAosVCZVIVR9BmYALQphBGcDOAFsWm0HMQdlXjEFYQFlUSFXdwFpU2QPb15nAD8DNVRkUjsENVdhUTcBblQ3A2AKaVQuVXpUKAZlADMKfwQ+AzQBa1pvBz4HZV42BWkBZVExVzMBJlN8D3pedgA/AzVUZFI8BDRXZ1E2AWRUMgNgCm5UJlUhVGcGcwBiCjoEMgM0AXNaagcxB2FeLQVjAWNRNFctATFTMQ8/,2124309,2022-04-22T07:15:57.766695+08:00,2022-04-22T07:16:21.072805+08:00,application/octet-stream
,https://www.superrecovery.cn/xiazai/,1956520,2022-03-21T11:39:30.109873+08:00,1601-01-01T00:00:00+08:00,application/x-msdownload
E:\AudioEditor_ae104-xjczx-583.exe,https://soft.kaobeitu.com/fyaudio?ver=xjczx-583&bd_vid=11883566179163805496,1832768,2022-04-08T07:02:59.266957+08:00,2022-04-08T07:03:11.489083+08:00,application/octet-stream
E:\SteamSetup.exe,https://store.steampowered.com/about/,1770744,2021-08-19T06:13:46.095427+08:00,2021-08-19T06:14:09.342933+08:00,application/octet-stream
E:\Release 2.2.3.zip,https://vip.d0.baidupan.com/file/?AWcFOwg5ADFSWwE5Cj9VOQc4DjZeUwFmVzxQM1xhBHYCZ1AnCGcHfQFlA3sFYlB/VXUGalF+AiYEZVI9UmIHYwFeBTsIMQBpUjEBZAppVW0Hbw49XjgBNFd2UDBccwQ4AjNQMAhkB2QBZgNlBWdQd1V/BnNRMwIyBDNSZlI/BykBMAViCHoAZFIyAXgKa1ViBzsObV5lAWZXYVAzXDgEYwJhUGEIMAdhATEDYAViUGhVbQY6UTkCNQRgUjFSPAc+ATEFZAgxAGZSZwFgCnBVLgc0DnteJwF2VyNQM1xyBGwCZlA6CGMHagFkA2EFZ1BjVSkGd1FnAm0EZlIyUjMHNwE3BWEIYgBjUjABYQpsVWQHZQ4lXi8BJVc2UDpcdwQ4AjNQMQhmB2QBYANhBWRQYFU3BjRRKAJ1BHNSI1IzBzcBNwVhCGYAYVI2AWUKb1VmB2QOLV50AWpXIFBrXDYENAIsUDYIZwdqAXkDZAVhUGBVIQY0UT0=,1717106,2021-11-24T09:13:28.350514+08:00,2021-11-24T09:13:37.862862+08:00,application/octet-stream
E:\vs_Community.exe,https://visualstudio.microsoft.com/zh-hans/thank-you-downloading-visual-studio/?sku=community&rel=17,1666592,2022-04-24T06:21:58.751684+08:00,2022-04-24T06:22:02.734959+08:00,application/octet-stream
E:\RobloxPlayerLauncher.exe,https://www.roblox.com/games/2809202155/Your-Bizarre-Adventure?,1666008,2021-08-17T10:50:27.089647+08:00,2021-08-17T10:50:43.963354+08:00,application/exe
E:\vs_community__2b47e72ab5f048af83f69b932cb554d6.exe,https://visualstudio.microsoft.com/zh-hans/thank-you-downloading-visual-studio/?sku=Community&rel=17,1649768,2022-01-14T10:44:03.119391+08:00,2022-01-14T10:44:52.624561+08:00,application/octet-stream
E:\jboss-javassist-javassist-rel_3_28_0_ga-4-g52629ee.zip,http://www.javassist.org/,1639866,2021-10-17T10:32:45.224551+08:00,2021-10-17T10:33:01.704244+08:00,application/zip
E:\JavaInjector-master.zip,https://github.com/TheQmaks/JavaInjector,1554029,2022-04-25T10:21:45.22814+08:00,2022-04-25T10:23:03.028275+08:00,application/zip
E:\GhostJ-master.zip,https://gitee.com/RockChin/GhostJ/repository/archive/master.zip,1485561,2022-02-26T12:10:17.893269+08:00,2022-02-26T12:10:26.81638+08:00,application/zip
E:\jd-gui-windows-1.6.6.zip,https://download.apponic.com/Ya5GUfjOFT02QUpka9FPkVWj4FMfCHXzRXXEhlkEGNKt7Zu0WscssBPzybyxO1XXYn1JK9hGLB6QjD_yY1CvfMfvTXRSDz2LEYVQoec7spovVqUMKus3vJEK9iPsr0du1y5zkbPpUk84k672Fqt3-TX1txLeD0-S1ufT/,1365740,2021-10-06T04:42:13.695312+08:00,2021-10-06T04:43:14.680963+08:00,application/octet-stream
E:\Wurst-Client-v7.18-MC1.17.1.jar,https://github.com/Wurst-Imperium/Wurst-MCX2/releases/download/v7.18/Wurst-Client-v7.18-MC1.17.1.jar,1354711,2021-11-28T01:55:34.906978+08:00,2021-11-28T01:55:47.126028+08:00,application/octet-stream
E:\ChromeSetup.exe,https://www.google.cn/chrome/,1343320,2022-03-14T03:29:25.600485+08:00,2022-03-14T03:29:26.379422+08:00,application/octet-stream
E:\sodium-fabric-mc1.17.1-0.3.3+build.8.jar,https://www.curseforge.com/minecraft/mc-mods/sodium/download,1285700,2021-11-28T01:52:59.608022+08:00,2021-11-28T01:54:22.135718+08:00,application/x-amz-json-1.0
E:\fabric-api-0.43.1+1.17.jar,https://www.curseforge.com/minecraft/mc-mods/fabric-api/download,1161902,2021-11-28T02:02:17.523025+08:00,2021-11-28T02:08:36.990505+08:00,application/x-amz-json-1.0
E:\BapeLauncher.exe,https://www.bapeclient.xyz/,909312,2022-04-09T13:41:38.880184+08:00,1601-01-01T00:00:00+08:00,application/octet-stream
E:\makesfx.exe,https://74.cz/en/make-sfx,842752,2022-03-22T04:33:08.730204+08:00,2022-03-22T04:33:21.017543+08:00,application/x-msdos-program
E:\makesfx.exe,https://74.cz/en/make-sfx,842752,2022-03-14T08:04:12.036746+08:00,2022-03-14T08:39:12.81162+08:00,application/x-msdos-program
C:\Users\ruochen\Desktop\97325974_p0_master1200.jpg,https://www.pixiv.net/artworks/97325974,786628,2022-04-09T09:13:18.128324+08:00,2022-04-09T09:13:24.886761+08:00,image/jpeg
E:\Lunar Client v2.8.8.exe,https://www.lunarclient.com/download,761192,2021-11-28T07:52:55.96616+08:00,2021-11-28T09:00:10.943387+08:00,application/octet-stream
E:\myeclipse.10.0破解包.rar,https://pan.baidu.com/s/1ySLhKgmbR_BVswwqUiVPYA#list/path=%2Fsharelink1128960787-793418932858051%2FMyEclipse10%E5%AE%89%E8%A3%85%E5%8F%8A%E7%A0%B4%E8%A7%A3&parentPath=%2Fsharelink1128960787-793418932858051,727815,2021-08-20T08:17:51.037535+08:00,2021-08-20T08:18:00.631323+08:00,application/x-rar-compressed
E:\7-Zip压缩软件@1854141_3707.exe,https://53232.xc.zhongguohao123.com/xiaz/7-Zip%E5%8E%8B%E7%BC%A9%E8%BD%AF%E4%BB%B6@1854141_3707.exe,668064,2022-01-26T16:25:30.85277+08:00,2022-01-26T16:25:52.845615+08:00,application/octet-stream
E:\WinZip@2845569_8065.exe,https://53232.xc.zhongguohao123.com/xiaz/WinZip@2845569_8065.exe,668064,2022-01-26T16:28:57.33042+08:00,2022-01-26T16:29:09.152538+08:00,application/octet-stream
E:\deobfuscator-master.zip,https://github.com/java-deobfuscator/deobfuscator,525433,2021-10-23T14:59:49.690002+08:00,2021-10-23T15:00:03.679627+08:00,application/zip
E:\VapuLite-main (1).zip,https://github.com/VapuClient/VapuLite,478206,2022-04-03T02:12:57.107551+08:00,2022-04-03T02:13:20.479984+08:00,application/zip
E:\WebmilioCommons_v0.1.16.4.tmod,https://mirror.sgkoi.dev/Mods/Details/WebmilioCommons,443211,2021-09-11T08:25:49.569744+08:00,2021-09-11T08:25:58.914027+08:00,application/octet-stream
E:\CheatSheet_v0.6.6.4.tmod,https://mirror.sgkoi.dev/Mods/Details/CheatSheet,412518,2021-09-11T08:33:10.199777+08:00,2021-09-11T08:33:18.832199+08:00,application/octet-stream
E:\RadonObfuscator-Relsease.zip,https://vip.d0.baidupan.com/file/?AWcGOAk4Dz5RWAoyUGUFaQE+ADhVWFQ3CmlVPAU3VxkAYlBhCCAAJwM2VmFRcQZoW3NXf1BdBmEHbFYjVm8AYAFyBjQJeg8hUW4KLFAiBWIBMgBpVW9UCQpkVTcFZFdnADhQPwhhAGYDY1YwUT0GIVtnVyFQMgY3BzNWZFY+ADkBMgZ3CSQPK1E6Cm5QNAU2AWsAKlU6VGUKIlViBWtXeQA5UD8INgBlAzFWOFEzBj9bM1c0UDkGMgdmVmRWbABkATMGZgkxD25RPwpuUDEFNAFoAGZVaVQyCj9VZQVsV28ALlB9CDwAJANzVnVRdgZiW3NXO1BrBjkHOVZhVjoANQE2BmkJcg8vUW4KMVBhBWIBZgA0VTxUZQo1VWsFaVdmADhQMQhhAHoDe1YmUWMGa1t2V29QPgYyBzNWaFY/ADYBOQZgCW0Pa1EhCilQdAVzAWYANFU/VG4KOVVjBWhXbwAzUD4IZwByAyBWaVF1BjpbN1djUCEGNQc1VmJWJAAwATUGYgl6D2xRNA==,334483,2021-12-06T14:11:06.307408+08:00,2021-12-06T14:11:14.0726+08:00,application/octet-stream
E:\VapuLite-main.zip,https://github.com/VapuClient/VapuLite,329172,2022-03-14T01:31:53.930061+08:00,2022-03-14T01:32:02.003186+08:00,application/zip
E:\Hache-master.zip,https://github.com/halalfishcoding/Hache,287477,2022-04-24T05:42:33.637354+08:00,2022-04-24T05:42:41.841251+08:00,application/zip
E:\写端\forge\src\main\resources\assets\minecraft\play\83485171-1-208.mp4,"https://upos-sz-mirrorcos.bilivideo.com/upgcxcode/71/51/83485171/83485171-1-208.mp4?e=ig8euxZM2rNcNbRVhwdVhwdlhWdVhwdVhoNvNC8BqJIzNbfq9rVEuxTEnE8L5F6VnEsSTx0vkX8fqJeYTj_lta53NCM=&uipk=5&nbs=1&deadline=1649416337&gen=playurlv2&os=hwbv&oi=707992731&trid=d07226fa872b482a8d1355044c23aac5T&platform=html5&upsig=9404e727519bbfa7c3e923c0a027eab3&uparams=e,uipk,nbs,deadline,gen,os,oi,trid,platform&mid=0&bvc=vod&nettype=0&bw=46666&orderid=0,1&logo=80000000#vp",279996,2022-04-08T07:12:24.399517+08:00,2022-04-08T07:12:30.926309+08:00,video/mp4
E:\forge-1.8.9-11.15.1.2318-1.8.9-mdk.zip,http://adfoc.us/serve/?id=27122878887089,256086,2021-10-16T14:04:06.50046+08:00,2021-10-16T14:04:10.51087+08:00,application/zip
E:\jmp123_0300_all.zip,https://pan.baidu.com/s/1tEZczsuLQDI4ki88Kw7x8Q,223614,2022-04-08T06:13:15.171069+08:00,2022-04-08T06:13:22.754908+08:00,application/zip
E:\收银台 (1).png,http://zf.gta5xm.cn/index/user/createposter.html,195258,2022-03-23T09:48:32.102336+08:00,2022-03-23T09:48:32.197704+08:00,image/jpeg
E:\收银台.png,http://zf.gta5xm.cn/index/user/createposter.html,195258,2022-03-23T09:46:12.672359+08:00,2022-03-23T09:46:13.842539+08:00,image/jpeg
E:\qqjt24.zip,https://pan.baidu.com/s/1nvXdWcp?_at_=1641051134554,181624,2022-01-01T15:32:18.605243+08:00,2022-01-01T15:32:26.337187+08:00,application/zip
E:\mingw-builds-install.exe,https://sourceforge.net/projects/mingwbuilds/files/latest/download,169962,2022-04-25T10:32:33.262425+08:00,2022-04-25T10:32:37.735083+08:00,application/octet-stream
E:\写端\forge\src\main\resources\assets\minecraft\play\ez4ence.wav,"https://upos-sz-mirrorcos.bilivideo.com/upgcxcode/36/85/570348536/570348536-1-208.mp4?e=ig8euxZM2rNcNbRVhwdVhwdlhWdVhwdVhoNvNC8BqJIzNbfq9rVEuxTEnE8L5F6VnEsSTx0vkX8fqJeYTj_lta53NCM=&uipk=5&nbs=1&deadline=1649403776&gen=playurlv2&os=cosbv&oi=1729466213&trid=c8e3b381d0604f578cb0f73665870ac1T&platform=html5&upsig=8678b7b4ef92112980b9cd2e33a9ab7b&uparams=e,uipk,nbs,deadline,gen,os,oi,trid,platform&mid=0&bvc=vod&nettype=0&bw=12526&orderid=0,1&logo=80000000#vp",112734,2022-04-08T03:43:10.430711+08:00,2022-04-08T03:43:35.324722+08:00,video/mp4
E:\arthas-boot.jar,https://developer.lanzoug.com/file/?UzUBP1xtU2IBCFBoV2JcMFFuUGhfYQNzCnlUOlJvA3FVeFdiDD5SaQclBn4LNVc3AChUd1JrAmlQO1Y1V1RWPlM3AWtcNVM0AW5QMlc3XGpROFBiXyYDZwp+VG9SPwMzVWRXMAxoUjYHdwYgCy9XawBoVGFSPwIxUHhWYFc+VnhTYgFjXC5TZgFgUD9XZ1xpUW9QNF80AzIKNVRiUmwDYVU0VzQMZFIyB2AGaQtqVzIAbVQ0UmsCMlBlVmNXMlYyU2sBY1w4UykBPVBnV3Fce1F+UCZfZQNzCmRUNlIzAzNVY1c2DGRSNAdhBmILeVciADNUPFJoAmZQalZhVz1WYlNjAWBcMVMxAWVQNFc7XHNRJVBzX2YDbQp6VG9SPwM0VWFXOQxkUj4HYQZpC2lXYgB8VCRSfQJ3UGpWYVc9VmVTYgFmXDFTPwFlUDNXMlx7UX5QPF9wAzwKPFRqUj0DLFVkVzkMY1IoB2MGYgtnV3gAbFRk,111090,2022-04-22T05:27:10.545882+08:00,2022-04-22T05:27:39.290713+08:00,application/octet-stream
E:\jl-1.0.1.jar,https://pan.baidu.com/s/1s_P0RO4m1T45SbeQvF2Ndw,105363,2022-04-08T08:47:46.025189+08:00,2022-04-08T08:47:57.923568+08:00,application/octet-stream
E:\ide-eval-resetter-master.zip,https://gitee.com/pengzhile/ide-eval-resetter/repository/archive/master.zip,100185,2022-04-04T13:46:34.776065+08:00,2022-04-04T13:46:42.130777+08:00,application/zip
E:\radon-deobfuscator-master.zip,https://github.com/GitAntoinee/radon-deobfuscator,75160,2022-01-27T16:37:16.796403+08:00,2022-01-27T16:37:25.308192+08:00,application/zip
"C:\Users\ruochen\Desktop\u=3533162743,2317891148&fm=26&fmt=auto.webp",https://www.baidu.com/s?ie=UTF-8&wd=%E4%BD%9B%E8%B7%B3%E5%A2%99%E5%9B%BE%E7%89%87,46080,2021-12-13T14:15:58.388543+08:00,2021-12-13T14:16:00.923868+08:00,image/webp
C:\Users\ruochen\Desktop\lhhd,https://image.so.com/view?q=%E6%B5%81%E6%B1%97%E9%BB%84%E8%B1%86%E8%A1%A8%E6%83%85%E5%8C%85&listsrc=sobox&listsign=4fc2156de4fa4a2ed5cdbbe4f5b16ba3&src=360pic_strong&correct=%E6%B5%81%E6%B1%97%E9%BB%84%E8%B1%86%E8%A1%A8%E6%83%85%E5%8C%85&ancestor=list&cmsid=84dc1e8d94fb67ce6ddd5802b52910cd&cmras=6&cn=0&gn=0&kn=17&crn=0&bxn=20&fsn=97&cuben=0&pornn=0&manun=0&adstar=0&clw=254#id=4fc2156de4fa4a2ed5cdbbe4f5b16ba3&currsn=0&ps=62&pc=62,45412,2021-09-16T13:35:31.345275+08:00,2021-09-16T13:35:50.083281+08:00,image/jpeg
C:\Users\ruochen\Desktop\lhhd.jpg,https://image.so.com/view?q=%E6%B5%81%E6%B1%97%E9%BB%84%E8%B1%86%E8%A1%A8%E6%83%85%E5%8C%85&listsrc=sobox&listsign=4fc2156de4fa4a2ed5cdbbe4f5b16ba3&src=360pic_strong&correct=%E6%B5%81%E6%B1%97%E9%BB%84%E8%B1%86%E8%A1%A8%E6%83%85%E5%8C%85&ancestor=list&cmsid=d2255ff33450d7dd4c0bb0de28ac4240&cmras=6&cn=0&gn=0&kn=17&crn=0&bxn=20&fsn=97&cuben=0&pornn=0&manun=0&adstar=0&clw=254#id=4fc2156de4fa4a2ed5cdbbe4f5b16ba3&currsn=0&ps=62&pc=62,45412,2021-09-16T13:39:44.484707+08:00,2021-09-16T13:39:52.00611+08:00,image/jpeg
"C:\Users\ruochen\Desktop\u=2214036130,2381541145&fm=26&fmt=auto.webp",https://www.baidu.com/s?ie=utf-8&f=8&rsv_bp=1&tn=baidu&wd=%E5%AF%BF%E5%8F%B8%E7%9A%84%E5%9B%BE%E7%89%87&oq=%25E4%25BD%259B%25E8%25B7%25B3%25E5%25A2%2599%25E7%259A%2584%25E4%25BB%258B%25E7%25BB%258D&rsv_pq=e28a8be0000a68e4&rsv_t=a481jLhB95ygaNVBo5vds1CYzFx8iGOBNX5O3dnQLIyScM4zSJWoCAcYObw&rqlang=cn&rsv_dl=tb&rsv_enter=1&rsv_btype=t&inputT=1657&rsv_sug3=29&rsv_sug1=16&rsv_sug7=100&bs=%E4%BD%9B%E8%B7%B3%E5%A2%99%E7%9A%84%E4%BB%8B%E7%BB%8D,28948,2021-12-13T14:20:51.228531+08:00,2021-12-13T14:20:52.705484+08:00,image/webp
C:\Users\ruochen\Desktop\yyjk.png,https://www.baidu.com/s?ie=utf-8&f=8&rsv_bp=1&tn=baidu&wd=%E8%90%A5%E5%85%BB%E5%81%A5%E5%BA%B7%20%E7%9A%84%E6%96%B0%E9%97%BB%E5%9B%BE%E7%89%87&oq=%25E8%2590%25A5%25E5%2585%25BB%25E5%2581%25A5%25E5%25BA%25B7&rsv_pq=f4a16be50030a5c8&rsv_t=5769%2BfBduyULpOCHUsaursgMoW%2FFShfpGbHVj1IHisGxNkn5Q6QmCjiz5to&rqlang=cn&rsv_dl=tb&rsv_sug3=29&rsv_sug1=13&rsv_sug7=100&rsv_enter=1&rsv_sug2=0&rsv_btype=t&inputT=8082&rsv_sug4=11217,28762,2022-04-02T02:44:11.305187+08:00,2022-04-02T02:44:24.62332+08:00,image/webp
E:\Inno-Setup-Chinese-Simplified-Translation-main.zip,https://github.com/kira-96/Inno-Setup-Chinese-Simplified-Translation,22980,2021-12-18T10:31:10.752442+08:00,2021-12-18T10:31:12.417342+08:00,application/zip
"C:\Users\ruochen\Desktop\u=1679720992,297946431&fm=26&fmt=auto.webp",https://www.baidu.com/s?ie=utf-8&f=8&rsv_bp=1&tn=baidu&wd=%E9%A6%99%E7%85%8E%E9%B9%85%E8%82%9D%E7%9A%84%E5%9B%BE%E7%89%87&oq=%25E5%25AF%25BF%25E5%258F%25B8%25E7%259A%2584%25E4%25BB%258B%25E7%25BB%258D&rsv_pq=c7ae2923000baa75&rsv_t=46bc1VCRlK8naqkC6O4B8hoV5ZSWueNcZa4ZdtVAINwRRn%2BnqThTlybE%2F44&rqlang=cn&rsv_dl=tb&rsv_btype=t&inputT=3920&rsv_enter=1&rsv_sug3=28&rsv_sug1=12&rsv_sug7=100&rsv_sug2=0&rsv_sug4=3920,15818,2021-12-13T14:24:02.157522+08:00,2021-12-13T14:24:03.556964+08:00,image/webp
"C:\Users\ruochen\Desktop\u=1086384939,3269347065&fm=26&fmt=auto.webp",https://image.baidu.com/search/detail?ct=503316480&z=0&ipn=d&word=%E4%BD%90%E5%8A%A9%E5%BC%80%E5%86%99%E8%BD%AE%E7%9C%BC%E7%9A%84%E5%9B%BE%E7%89%87&hs=0&pn=4&spn=0&di=15180&pi=0&rn=1&tn=baiduimagedetail&is=0%2C0&ie=utf-8&oe=utf-8&cl=2&lm=-1&cs=1086384939%2C3269347065&os=1336840211%2C1183220366&simid=4225947357%2C584708004&adpicid=0&lpn=0&ln=30&fr=ala&fm=&sme=&cg=&bdtype=0&oriquery=%E4%BD%90%E5%8A%A9%E5%BC%80%E5%86%99%E8%BD%AE%E7%9C%BC%E7%9A%84%E5%9B%BE%E7%89%87&objurl=https%3A%2F%2Fgimg2.baidu.com%2Fimage_search%2Fsrc%3Dhttp%3A%2F%2Fimg48.51tietu.net%2Fpic%2F2017-032418%2F20170324180941ef5p15v10en42434.jpg%26refer%3Dhttp%3A%2F%2Fimg48.51tietu.net%26app%3D2002%26size%3Df9999%2C10000%26q%3Da80%26n%3D0%26g%3D0n%26fmt%3Djpeg%3Fsec%3D1647777233%26t%3D70048dfcfe7dda33a509b3110d397683&fromurl=ippr_z2C%24qAzdH3FAzdH3Fooo_z%26e3Bc8ptjp7_z%26e3BgjpAzdH3FrAzdH3Fbl0bdal_z%26e3Bip4s&gsm=5&islist=&querylist=&dyTabStr=MCwzLDYsMSw0LDUsMiw4LDcsOQ%3D%3D,15698,2022-02-18T11:53:55.101358+08:00,2022-02-18T11:54:01.36983+08:00,image/webp
C:\Users\ruochen\Desktop\t015aec162f848c56a8.jpg,https://image.so.com/i?q=%E7%99%BD%E8%89%B2%E7%9B%BE%E7%89%8C%E7%85%A7%E7%89%87&listsrc=sobox&listsign=28aec9309b490cd12036c0421bf4fd0d&src=360pic_strong,15654,2021-09-20T05:59:20.970065+08:00,2021-09-20T05:59:22.689026+08:00,image/jpeg
C:\Users\ruochen\Desktop\t016f2bd384a6228119.jpg,https://image.so.com/i?q=%E7%9B%BE%E7%89%8C%E7%9A%84%E5%9B%BE%E7%89%87&listsrc=sobox&listsign=642ebad9f39001777c32b85e9b42a481&src=360pic_strong,15275,2021-09-20T05:51:29.246835+08:00,2021-09-20T05:51:33.285126+08:00,image/jpeg
C:\Users\ruochen\Desktop\src=http___pic1.zhimg.com_v2-4641e167a377b0839d094e4e73cc3c25_1440w.jpg_source=172ae18b&refer=http___pic1.zhimg.jpg,https://image.baidu.com/search/detail?ct=503316480&z=0&ipn=d&word=%E6%9E%81%E5%85%94&step_word=&hs=0&pn=0&spn=0&di=7042744173476184065&pi=0&rn=1&tn=baiduimagedetail&is=0%2C0&istype=0&ie=utf-8&oe=utf-8&in=&cl=2&lm=-1&st=undefined&cs=227592688%2C1514927298&os=236083402%2C1022097296&simid=227592688%2C1514927298&adpicid=0&lpn=0&ln=1403&fr=&fmq=1646306733859_R&fm=&ic=undefined&s=undefined&hd=undefined&latest=undefined&copyright=undefined&se=&sme=&tab=0&width=undefined&height=undefined&face=undefined&ist=&jit=&cg=&bdtype=0&oriquery=&objurl=https%3A%2F%2Fgimg2.baidu.com%2Fimage_search%2Fsrc%3Dhttp%3A%2F%2Fpic1.zhimg.com%2Fv2-4641e167a377b0839d094e4e73cc3c25_1440w.jpg%3Fsource%3D172ae18b%26refer%3Dhttp%3A%2F%2Fpic1.zhimg.com%26app%3D2002%26size%3Df9999%2C10000%26q%3Da80%26n%3D0%26g%3D0n%26fmt%3Djpeg%3Fsec%3D1648898736%26t%3Dcde3d53c3bcd31c62ce3843a8cefc5c2&fromurl=ippr_z2C%24qAzdH3FAzdH3Fzi7wgswg_z%26e3Bziti7_z%26e3Bv54AzdH3FrAzdH3Fnmnbnabdb&gsm=1&rpstart=0&rpnum=0&islist=&querylist=&nojc=undefined&dyTabStr=MCwxLDMsMiw2LDQsNSw3LDgsOQ%3D%3D,14897,2022-03-03T11:25:38.042426+08:00,2022-03-03T11:25:40.940431+08:00,image/jpeg
E:\ParamorphismDecrypt-master.zip,https://github.com/Enaium/ParamorphismDecrypt,13654,2021-10-23T14:42:44.061605+08:00,2021-10-23T14:42:51.243801+08:00,application/zip
E:\Epay-PHP.zip,http://zf.gta5xm.cn/index/user/index.html,12635,2022-03-23T09:48:52.900507+08:00,2022-03-23T09:49:00.081938+08:00,application/zip
C:\Users\ruochen\Desktop\454d7894804671b4cbf7ccdacd3ff784e04eb8c7.jpg@518w.webp,https://space.bilibili.com/89525515/dynamic,9840,2021-12-30T11:08:08.8368+08:00,2021-12-30T11:08:10.93672+08:00,image/webp
C:\Users\ruochen\Desktop\3332b12c11dfa9ecfb2498ae75d0f703908fc160.jpg,http://tieba.baidu.com/photo/p?kw=%E5%98%89%E7%84%B6&flux=1&tid=7521172128&pic_id=3332b12c11dfa9ecfb2498ae75d0f703908fc160&pn=1&fp=2&see_lz=1&red_tag=m0337776535,9163,2022-03-23T13:05:43.0512+08:00,2022-03-23T13:05:45.528709+08:00,image/jpeg
C:\Users\ruochen\Desktop\项目九案例\jiaofasite\images\kt.png,https://image.baidu.com/search/index?tn=baiduimage&ps=1&ct=201326592&lm=-1&cl=2&nc=1&ie=utf-8&dyTabStr=MCwyLDEsNSw2LDQsMyw3LDgsOQ%3D%3D&word=%E8%90%A5%E5%85%BB%E5%81%A5%E5%BA%B7%E8%AF%BE%E5%A0%82,9076,2022-04-02T03:03:22.114276+08:00,2022-04-02T03:03:42.713432+08:00,image/webp
C:\Users\ruochen\Desktop\t01be6729f712815e37.jpg,https://image.so.com/view?q=%E7%99%BD%E8%89%B2%E7%88%B1%E5%BF%83%E5%9B%BE%E6%A0%87&listsrc=sobox&listsign=74b5a7a40d3d4afe1708c97fe8c9c407&src=360pic_strong&correct=%E7%99%BD%E8%89%B2%E7%88%B1%E5%BF%83%E5%9B%BE%E6%A0%87&ancestor=list&cmsid=33e608dffc368ad86454381cfad6ca06&cmras=6&cn=0&gn=0&kn=0&crn=0&bxn=0&fsn=60&cuben=0&pornn=0&manun=0&adstar=0&clw=254#id=cd2f85d4c4e545399e424dcf2d7f66b8&prevsn=0&currsn=60&ps=110&pc=58,8483,2021-09-20T06:05:47.12888+08:00,2021-09-20T06:05:49.272875+08:00,image/jpeg
C:\Users\ruochen\Desktop\0d5d6d230a246a474dc5d1548fb22b22890df6aa.png@518w.webp,https://space.bilibili.com/283538/search/dynamic?keyword=%E5%85%89%E5%A4%B4%E5%BC%BA,8094,2021-12-30T11:06:43.275353+08:00,2021-12-30T11:06:47.637012+08:00,image/webp
E:\PlayTime (1.7 - 1.16.5).jar,https://pan.baidu.com/s/1-ZCDutzhlD4SHOih5lijlg,7401,2022-01-02T15:21:17.16234+08:00,2022-01-02T15:21:28.008656+08:00,application/octet-stream
C:\Users\ruochen\Desktop\d399d6f5cf7943a996ae96999ba3e6ae2a2988de.jpg@128w_128h_1o.webp,https://i2.hdslb.com/bfs/face/d399d6f5cf7943a996ae96999ba3e6ae2a2988de.jpg@128w_128h_1o.webp,3048,2021-08-20T13:09:46.460023+08:00,2021-08-20T13:09:52.023978+08:00,image/webp
E:\dnSpy-4.0.0 (1).zip,https://github.com/cnxy/dnSpy/archive/v4.0.0.zip,0,2022-03-11T15:03:41.731334+08:00,1601-01-01T00:00:00+08:00,application/zip
E:\dnSpy-4.0.0 (1).zip,https://github.com/cnxy/dnSpy/archive/v4.0.0.zip,0,2022-03-11T15:03:51.507756+08:00,1601-01-01T00:00:00+08:00,application/zip
