IsMeta,URL,Key,Value
false,,,[1]
false,edge://history,hubState,"[{""activePivotTab"":""history-pivot"",""mode"":0,""contentMounted"":true}]"
false,http://news.4399.com,Hm_lvt_7fb37cb72d7723dcb46e14756c6b23b6,[1661845635733|1630309636]
false,http://news.4399.com,Hm_lvt_f1fb60d2559a83c8fa1ee6125a352bd7,[1661845630401|1630309630]
false,http://szhong.4399.com,1000,[1]
false,http://szhong.4399.com,1001,[0]
false,http://szhong.4399.com,1002,[4]
false,http://szhong.4399.com,1003,[4]
false,http://szhong.4399.com,1004,[4]
false,http://szhong.4399.com,1005,[4]
false,http://szhong.4399.com,1006,[4]
false,http://szhong.4399.com,1007,[4]
false,http://szhong.4399.com,1008,[4]
false,http://szhong.4399.com,1009,[4]
false,http://szhong.4399.com,1010,[4]
false,http://szhong.4399.com,1011,[4]
false,http://szhong.4399.com,1012,[4]
false,http://szhong.4399.com,1013,[4]
false,http://szhong.4399.com,1014,[4]
false,http://szhong.4399.com,1015,[4]
false,http://szhong.4399.com,1016,[4]
false,http://szhong.4399.com,1017,[4]
false,http://szhong.4399.com,1018,[4]
false,http://szhong.4399.com,1019,[4]
false,http://szhong.4399.com,1020,[4]
false,http://szhong.4399.com,1021,[4]
false,http://szhong.4399.com,1022,[4]
false,http://szhong.4399.com,1023,[4]
false,http://szhong.4399.com,1024,[4]
false,http://szhong.4399.com,1025,[4]
false,http://szhong.4399.com,1026,[4]
false,http://szhong.4399.com,1027,[4]
false,http://szhong.4399.com,1028,[4]
false,http://szhong.4399.com,1029,[4]
false,http://szhong.4399.com,1030,[4]
false,http://szhong.4399.com,1031,[4]
false,http://szhong.4399.com,1032,[4]
false,http://szhong.4399.com,1033,[4]
false,http://szhong.4399.com,1034,[4]
false,http://szhong.4399.com,1035,[4]
false,http://szhong.4399.com,1036,[4]
false,http://szhong.4399.com,1037,[4]
false,http://szhong.4399.com,1038,[4]
false,http://szhong.4399.com,1039,[4]
false,http://szhong.4399.com,1040,[4]
false,http://szhong.4399.com,1041,[4]
false,http://szhong.4399.com,1042,[4]
false,http://szhong.4399.com,1043,[4]
false,http://szhong.4399.com,1044,[4]
false,http://szhong.4399.com,1045,[4]
false,http://szhong.4399.com,1046,[4]
false,http://szhong.4399.com,1047,[4]
false,http://szhong.4399.com,1048,[4]
false,http://szhong.4399.com,1049,[4]
false,http://szhong.4399.com,1050,[4]
false,http://szhong.4399.com,1051,[4]
false,http://szhong.4399.com,1052,[4]
false,http://szhong.4399.com,1053,[4]
false,http://szhong.4399.com,1054,[4]
false,http://szhong.4399.com,1055,[4]
false,http://szhong.4399.com,1056,[4]
false,http://szhong.4399.com,1057,[4]
false,http://szhong.4399.com,1058,[4]
false,http://szhong.4399.com,1059,[4]
false,http://szhong.4399.com,1060,[4]
false,http://szhong.4399.com,1061,[4]
false,http://szhong.4399.com,1062,[4]
false,http://szhong.4399.com,1063,[4]
false,http://szhong.4399.com,1064,[4]
false,http://szhong.4399.com,1065,[4]
false,http://szhong.4399.com,1066,[4]
false,http://szhong.4399.com,1067,[4]
false,http://szhong.4399.com,1068,[4]
false,http://szhong.4399.com,1069,[4]
false,http://szhong.4399.com,1070,[4]
false,http://szhong.4399.com,1071,[4]
false,http://szhong.4399.com,1072,[4]
false,http://szhong.4399.com,1073,[4]
false,http://szhong.4399.com,1074,[4]
false,http://szhong.4399.com,1075,[4]
false,http://szhong.4399.com,1076,[4]
false,http://szhong.4399.com,1077,[4]
false,http://szhong.4399.com,1078,[4]
false,http://szhong.4399.com,1079,[4]
false,http://szhong.4399.com,1080,[4]
false,http://szhong.4399.com,1081,[4]
false,http://szhong.4399.com,1082,[4]
false,http://szhong.4399.com,1083,[4]
false,http://szhong.4399.com,1084,[4]
false,http://szhong.4399.com,1085,[4]
false,http://szhong.4399.com,1086,[4]
false,http://szhong.4399.com,1087,[4]
false,http://szhong.4399.com,1088,[4]
false,http://szhong.4399.com,1089,[4]
false,http://szhong.4399.com,1090,[4]
false,http://szhong.4399.com,1091,[4]
false,http://szhong.4399.com,1092,[4]
false,http://szhong.4399.com,1093,[4]
false,http://szhong.4399.com,1094,[4]
false,http://szhong.4399.com,1095,[4]
false,http://szhong.4399.com,1096,[4]
false,http://szhong.4399.com,1097,[4]
false,http://szhong.4399.com,1098,[4]
false,http://szhong.4399.com,1099,[4]
false,http://szhong.4399.com,1100,[4]
false,http://szhong.4399.com,1101,[4]
false,http://szhong.4399.com,1102,[4]
false,http://szhong.4399.com,1103,[4]
false,http://szhong.4399.com,1104,[4]
false,http://szhong.4399.com,1105,[4]
false,http://szhong.4399.com,1106,[4]
false,http://szhong.4399.com,1107,[4]
false,http://szhong.4399.com,1108,[4]
false,http://szhong.4399.com,1109,[4]
false,http://szhong.4399.com,1110,[4]
false,http://szhong.4399.com,1111,[4]
false,http://szhong.4399.com,1112,[4]
false,http://szhong.4399.com,1113,[4]
false,http://szhong.4399.com,1114,[4]
false,http://szhong.4399.com,1115,[4]
false,http://szhong.4399.com,1116,[4]
false,http://szhong.4399.com,1117,[4]
false,http://szhong.4399.com,1118,[4]
false,http://szhong.4399.com,1119,[4]
false,http://szhong.4399.com,1120,[4]
false,http://szhong.4399.com,gold,[0]
false,http://szhong.4399.com,lastLoggedInDate,[1]
false,http://szhong.4399.com,shareTimeLeft,[3]
false,http://szhong.4399.com,soundFlag,[1]
false,http://www.4399.com,Hm_lvt_334aca66d28b3b338a76075366b2b9e8,[1661845739085|1630309624]
false,http://www.4399.com,Hm_lvt_549e693189b4c3991c53f8845839ef3f,[1661845739098|1630309722]
false,http://www.4399.com,Hm_lvt_680b402851f03f1e833a655cd115c312,[1661845640455|1630309639]
false,http://zf.gta5xm.cn,Hm_lvt_2628291c8f9529143db366dacb647b0c,[1679566047869|1648029765]
false,https://baike.baidu.com,Hm_lvt_55b574651fcae74b0a9f1cf9c8d7c93a,[1682414251810|1650878252]
false,https://baike.baidu.com,u1997633_0,"[{""queryid"":""613405ec431901c9"",""tuid"":""u1997633_0"",""placement"":{""basic"":{""sspId"":1,""userId"":9825628,""flowType"":1,""cname"":""37094140_cpr"",""tuId"":9223372032561806000,""sellType"":2,""rspFormat"":1,""conBackEnv"":1},""container"":{""height"":250,""width"":250,""sizeType"":1,""anchoredType"":1,""floated"":{},""slide"":{}},""fillstyle"":{""elements"":[5],""layout"":[2],""backgroundColor"":""#FFFFFF"",""opacity"":0,""txt"":{""number"":0,""ctitle"":""#0000ff"",""cdesc"":""#444444"",""curl"":""#008000"",""cborder"":""#FFFFFF"",""cbackground"":""#FFFFFF"",""fontName"":""[SO"",""fontSize"":14,""align"":1,""cflush"":""#e10900"",""bborder"":0},""lu"":{""number"":16,""borderWidth"":0},""video"":{},""search"":{},""cloudTheme"":{},""styleType"":2},""adslottype"":0,""userdefine"":""%7Ccpro%5Flayout%5Ffilter%3Dtabcloud%2Cimage%7Ccpro%5Ftemplate%3DbaiduTlinkInlay%7Ccpro%5Fversion%3D2%2E0%7Chn%3D8%7Cwn%3D2"",""encode_userdefine"":""encoded"",""complement_type"":2,""update"":""1445350229_1464097458""},""extends"":{""ssph"":250,""sspw"":250},""pdb_deliv"":{""deliv_id"":0,""deliv_des"":{},""brandad"":0,""demand_id"":null},""order_deliv"":{""deliv_id"":0,""demand_id"":0},""rtb_deliv"":{""deliv_id"":0,""demand_id"":1997633},""media_protect"":"""",""adExpire"":1650878252143}]"
false,https://blog.csdn.net,Hm_ct_6bcd52f51e9b3dce32bec4a3997715ac,[1682414262708|6525*1*10_35506062650-1650878262435-647878]
false,https://blog.csdn.net,Hm_lvt_6bcd52f51e9b3dce32bec4a3997715ac,[1682414262704|1650878263]
false,https://blog.csdn.net,Hm_up_6bcd52f51e9b3dce32bec4a3997715ac,[1682414262708|%7B%22islogin%22%3A%7B%22value%22%3A%220%22%2C%22scope%22%3A1%7D%2C%22isonline%22%3A%7B%22value%22%3A%220%22%2C%22scope%22%3A1%7D%2C%22isvip%22%3A%7B%22value%22%3A%220%22%2C%22scope%22%3A1%7D%7D]
false,https://blog.csdn.net,TY_DISTINCT_ID,[267f9915-c392-493d-879f-ec07d18c89e5]
false,https://blog.csdn.net,TY_SESSION_ID,[cc438b4d-ce3d-44f1-a4e4-b54e65d074a5|1650878262364|1650878265728]
false,https://gitee.com,Hm_lvt_24f17767262929947cc3631f99bfd274,"[1679208063920|1647511705,1647598332,1647667696,1647672064]"
false,https://gitee.com,Hm_lvt_d81bccae3dcc3aa96e8a10e1c97c05a6,[1665985733365|1634449733]
false,https://gitee.com,LetterAvatar,"[{""s/60"":""data:image/png;base64,iVBORw0KGgoAAAANSUhEUgAAADwAAAA8CAYAAAA6/NlyAAAAAXNSR0IArs4c6QAAAcpJREFUaEPtVj1PAkEUfHcIRkJL0CAEpTAm2qF2JPID/Hf+BP0BFpaodCK9sSAS4kUPKMkZQQ5zFwvUxP14a8ies/XMvvdm5m3WOT07n9M/Og4GTrjbcDjhBhMchsMJUwCRTpihP8aBw3A4YQog0gkzFI8WIo1ISyhQLBQol12TQOpDxsEreb6vf8En00ikTxoN2lwvsJv57YKnF58umk12DQzMllBwwfHRIe1WqzHqvtulq9v2X5f8cr8Rh1U6xsBwWCUv6lhEWl0zNQZ2GDuslhhVtLEdPtjfo+1SSVh/NZOhXDYb48ZBQG+TiZDjj0Z03b4T4mQAxgZe3E2ZwioYU9/KqKaxgeu1Gu1sVYRzOK5LK6lUjHufzWgehkKONxjQ5U1LiJMBGBtYpliEwSuNV1o2K3o4RFpPN3kWdhg7LJ8WHSR2WEW16Iu4kc+T6zrStEqxSNVyOcZ3+33qeZ40Nwzn9Dwcxl9S3cNyOPpZRT+sdDqtW1+JN51OqdXp0MNjT4m3CMbAKtLpRFrl/u/YpUea0/yyuKxIL6tpTl0MzFHPBi4ctsElTo9wmKOeDVw4bINLnB7hMEc9G7hw2AaXOD3CYY56NnA/AF7LZpDMUoWVAAAAAElFTkSuQmCC""}]"
false,https://gitee.com,PopoverUser,"[{""Yanex-gay"":{""nickname"":""sNË"",""path"":""/Yanex-gay"",""avatar_url"":""no_portrait.png#sNË-Yanex-gay"",""be_followed"":null,""experience"":{},""weibo"":null,""blog"":null}}]"
false,https://gitee.com,UDESK_first_access,[https%3A%2F%2Fcn.bing.com%2F]
false,https://gitee.com,UDESK_first_url,[https://gitee.com/]
false,https://gitee.com,UDESK_on_force_chat,[]
false,https://gitee.com,UDESK_on_go_chat,[]
false,https://gitee.com,blobDraft/loserawa/bastards-gay-party/edit/master/fuckmeplz,[HY+L9+zC4R3OB7GcPNnS6xbONjqXZddMJtJUq7VN598=]
false,https://gitee.com,debug,[undefined]
false,https://gitee.com,gitee_reward_config,[true]
false,https://gitee.com,sawebjssdkchannel,"[{""latest_event_initial_time"":1647511706292,""eventList"":[""login_show"",""loginButtonClick"",""repoClick""]}]"
false,https://gitee.com,unreadCountDatas,"[{""infos"":1,""referer"":0,""messages"":1,""total"":2}]"
false,https://gitee.com,unreadCountTimestamp,[1647671412707]
false,https://jingyan.baidu.com,Hm_lvt_46c8852ae89f7d9526f0082fafa15edd,[1660633171854|1629097172]
false,https://microsoftedge.microsoft.com,NpsSurveyUserAction,[ExtensionInstall]
false,https://microsoftedge.microsoft.com,NpsSurveyUserActionCount,[5]
false,https://microsoftedge.microsoft.com,l/ESW/ExtList/m/eL-EdgeExtensionsEditorsPick-10-1-zh-CN-CN-1.1.22.0222.074355,"[[1648357708605,2]]"
false,https://microsoftedge.microsoft.com,l/ESW/ExtList/m/eL-EdgeExtensionsRecents-10-1-zh-CN-CN-1.1.22.0222.074355,"[[1648357708536,0]]"
false,https://microsoftedge.microsoft.com,l/ESW/ExtList/m/eL-Edge_Extensions_By_Microsoft-10-1-zh-CN-CN-1.1.22.0222.074355,"[[1648357708704,4]]"
false,https://microsoftedge.microsoft.com,l/ESW/ExtList/m/eL-MostPopular-10-1-zh-CN-CN-1.1.22.0222.074355,"[[1648357708537,1]]"
false,https://microsoftedge.microsoft.com,l/ESW/ExtList/m/eL-NewAndRising-10-1-zh-CN-CN-1.1.22.0222.074355,"[[1648357708694,3]]"
false,https://microsoftedge.microsoft.com,l/ESW/ExtList/n,[4]
false,https://microsoftedge.microsoft.com,l/EdgeStoreWebLocaleCache/m/browserLocale,"[[1648357708640,0]]"
false,https://microsoftedge.microsoft.com,l/EdgeStoreWebLocaleCache/m/defaultLocale,"[[1648357708640,1]]"
false,https://microsoftedge.microsoft.com,l/EdgeStoreWebLocaleCache/n,[1]
false,https://microsoftedge.microsoft.com,logs.esw_0,"[{""logTime"":""2022-03-27T05:08:28.275Z"",""logLevel"":""info"",""eventName"":""InitializeWebApp"",""sessionId"":""fddf388a-5f6e-4f60-b773-9c4b506266a9"",""message"":""[\""****Initializingwebapp,time:2022-03-27_13:08:28:2828+08:00****\""]""}]"
false,https://microsoftedge.microsoft.com,logs.esw_1,"[{""logTime"":""2022-03-27T05:08:28.275Z"",""logLevel"":""info"",""eventName"":""InitializeWebApp"",""sessionId"":""fddf388a-5f6e-4f60-b773-9c4b506266a9"",""message"":""[\""****SessionId:fddf388a-5f6e-4f60-b773-9c4b506266a9,Locale:zh-CN,Market:CN****\""]""}]"
false,https://microsoftedge.microsoft.com,logs.esw_10,"[{""logTime"":""2022-03-27T05:08:28.374Z"",""logLevel"":""debug"",""eventName"":""GetCuratedList"",""sessionId"":""fddf388a-5f6e-4f60-b773-9c4b506266a9"",""message"":""[\""Startedfetchingcomputedlistfor:NewAndRising,categoryEdge-Extensionsandpageno:1\""]""}]"
false,https://microsoftedge.microsoft.com,logs.esw_100,"[{""logTime"":""2022-03-27T05:08:32.071Z"",""logLevel"":""debug"",""eventName"":""AutoCompleteRequestCompleted"",""sessionId"":""fddf388a-5f6e-4f60-b773-9c4b506266a9"",""message"":""[\""GotresponseforsearchText:RÿUÿTÿRÿwithdata:{\\\""autoCompleteList\\\"":[],\\\""autoSuggestExtensionsList\\\"":[]}\""]""}]"
false,https://microsoftedge.microsoft.com,logs.esw_101,"[{""logTime"":""2022-03-27T05:08:32.322Z"",""logLevel"":""debug"",""eventName"":""AutoCompleteRequestTimerStarted"",""sessionId"":""fddf388a-5f6e-4f60-b773-9c4b506266a9"",""message"":""[\""Timerstartedforduration:100\""]""}]"
false,https://microsoftedge.microsoft.com,logs.esw_102,"[{""logTime"":""2022-03-27T05:08:32.428Z"",""logLevel"":""debug"",""eventName"":""AutoCompleteRequestFiring"",""sessionId"":""fddf388a-5f6e-4f60-b773-9c4b506266a9"",""message"":""[\""MakingrequestforsearchText:RÿUÿTÿ\""]""}]"
false,https://microsoftedge.microsoft.com,logs.esw_103,"[{""logTime"":""2022-03-27T05:08:32.428Z"",""logLevel"":""debug"",""eventName"":""GetAutoCompleteOptions"",""sessionId"":""fddf388a-5f6e-4f60-b773-9c4b506266a9"",""message"":""[\""StartedfetchingautosuggestlistforsearchText:RÿUÿTÿ\""]""}]"
false,https://microsoftedge.microsoft.com,logs.esw_104,"[{""logTime"":""2022-03-27T05:08:32.428Z"",""logLevel"":""info"",""eventName"":""AxiosInterceptedRequest"",""sessionId"":""fddf388a-5f6e-4f60-b773-9c4b506266a9"",""message"":""[\""RequestCV:47d78c04-833d-497b-945c-abed14f403f2,Url:https://microsoftedge.microsoft.com/edgestorewebautocomplete/v1/search?hl=zh-CN&gl=CN&q=%EF%BD%92%EF%BD%95%EF%BD%94\""]""}]"
false,https://microsoftedge.microsoft.com,logs.esw_105,"[{""logTime"":""2022-03-27T05:08:32.607Z"",""logLevel"":""info"",""eventName"":""AxiosInterceptedResponse"",""sessionId"":""fddf388a-5f6e-4f60-b773-9c4b506266a9"",""message"":""[\""ResponseCV:undefined,RequestCV:47d78c04-833d-497b-945c-abed14f403f2,Url:https://microsoftedge.microsoft.com/edgestorewebautocomplete/v1/search?hl=zh-CN&gl=CN&q=%EF%BD%92%EF%BD%95%EF%BD%94\""]""}]"
false,https://microsoftedge.microsoft.com,logs.esw_106,"[{""logTime"":""2022-03-27T05:08:32.607Z"",""logLevel"":""debug"",""eventName"":""GetAutoCompleteOptions"",""sessionId"":""fddf388a-5f6e-4f60-b773-9c4b506266a9"",""message"":""[\""FinishedfetchingautocompletelistforsearchText:RÿUÿTÿ\""]""}]"
false,https://microsoftedge.microsoft.com,logs.esw_107,"[{""logTime"":""2022-03-27T05:08:32.607Z"",""logLevel"":""debug"",""eventName"":""AutoCompleteRequestCompleted"",""sessionId"":""fddf388a-5f6e-4f60-b773-9c4b506266a9"",""message"":""[\""GotresponseforsearchText:RÿUÿTÿwithdata:{\\\""autoCompleteList\\\"":[],\\\""autoSuggestExtensionsList\\\"":[]}\""]""}]"
false,https://microsoftedge.microsoft.com,logs.esw_108,"[{""logTime"":""2022-03-27T05:08:32.837Z"",""logLevel"":""debug"",""eventName"":""AutoCompleteRequestTimerStarted"",""sessionId"":""fddf388a-5f6e-4f60-b773-9c4b506266a9"",""message"":""[\""Timerstartedforduration:100\""]""}]"
false,https://microsoftedge.microsoft.com,logs.esw_109,"[{""logTime"":""2022-03-27T05:08:32.938Z"",""logLevel"":""debug"",""eventName"":""AutoCompleteRequestFiring"",""sessionId"":""fddf388a-5f6e-4f60-b773-9c4b506266a9"",""message"":""[\""NOTfiredduetoblanksearchText:\""]""}]"
false,https://microsoftedge.microsoft.com,logs.esw_11,"[{""logTime"":""2022-03-27T05:08:28.376Z"",""logLevel"":""debug"",""eventName"":""GetExtensionsList"",""sessionId"":""fddf388a-5f6e-4f60-b773-9c4b506266a9"",""message"":""[\""Fetchextensionslistfor:https://microsoftedge.microsoft.com/addons/getpromotionextensions?pgNo=1&noItems=24&hl=zh-CN&gl=CN\""]""}]"
false,https://microsoftedge.microsoft.com,logs.esw_110,"[{""logTime"":""2022-03-27T05:08:33.914Z"",""logLevel"":""debug"",""eventName"":""AutoCompleteRequestTimerStarted"",""sessionId"":""fddf388a-5f6e-4f60-b773-9c4b506266a9"",""message"":""[\""Timerstartedforduration:100\""]""}]"
false,https://microsoftedge.microsoft.com,logs.esw_111,"[{""logTime"":""2022-03-27T05:08:34.015Z"",""logLevel"":""debug"",""eventName"":""AutoCompleteRequestFiring"",""sessionId"":""fddf388a-5f6e-4f60-b773-9c4b506266a9"",""message"":""[\""MakingrequestforsearchText:r\""]""}]"
false,https://microsoftedge.microsoft.com,logs.esw_112,"[{""logTime"":""2022-03-27T05:08:34.015Z"",""logLevel"":""debug"",""eventName"":""GetAutoCompleteOptions"",""sessionId"":""fddf388a-5f6e-4f60-b773-9c4b506266a9"",""message"":""[\""StartedfetchingautosuggestlistforsearchText:r\""]""}]"
false,https://microsoftedge.microsoft.com,logs.esw_113,"[{""logTime"":""2022-03-27T05:08:34.015Z"",""logLevel"":""info"",""eventName"":""AxiosInterceptedRequest"",""sessionId"":""fddf388a-5f6e-4f60-b773-9c4b506266a9"",""message"":""[\""RequestCV:6e2f4f22-910e-4baa-a32a-c2d690bb29b4,Url:https://microsoftedge.microsoft.com/edgestorewebautocomplete/v1/search?hl=zh-CN&gl=CN&q=r\""]""}]"
false,https://microsoftedge.microsoft.com,logs.esw_114,"[{""logTime"":""2022-03-27T05:08:34.206Z"",""logLevel"":""info"",""eventName"":""AxiosInterceptedResponse"",""sessionId"":""fddf388a-5f6e-4f60-b773-9c4b506266a9"",""message"":""[\""ResponseCV:undefined,RequestCV:6e2f4f22-910e-4baa-a32a-c2d690bb29b4,Url:https://microsoftedge.microsoft.com/edgestorewebautocomplete/v1/search?hl=zh-CN&gl=CN&q=r\""]""}]"
false,https://microsoftedge.microsoft.com,logs.esw_115,"[{""logTime"":""2022-03-27T05:08:34.206Z"",""logLevel"":""debug"",""eventName"":""GetAutoCompleteOptions"",""sessionId"":""fddf388a-5f6e-4f60-b773-9c4b506266a9"",""message"":""[\""FinishedfetchingautocompletelistforsearchText:r\""]""}]"
false,https://microsoftedge.microsoft.com,logs.esw_116,"[{""logTime"":""2022-03-27T05:08:34.206Z"",""logLevel"":""debug"",""eventName"":""AutoCompleteRequestCompleted"",""sessionId"":""fddf388a-5f6e-4f60-b773-9c4b506266a9"",""message"":""[\""GotresponseforsearchText:rwithdata:{\\\""autoCompleteList\\\"":[\\\""rutracker\\\"",\\\""rutracker4>ABC?\\\"",\\\""retracker\\\"",\\\""rutarker\\\"",\\\""rutraker\\\"",\\\""rutrackerorg\\\"",\\\""ru\\\""],\\\""autoSuggestExtensionsList\\\"":[{\\\""storeProductId\\\"":\\\""0RDCKB3R7LZG\\\"",\\\""name\\\"":\\\""Boomerang-SOAP&RESTClient\\\"",\\\""thumbnailUri\\\"":\\\""//store-images.s-microsoft.com/image/apps.64052.457b9651-13ef-41c1-97dc-af0a3fa20de6.5c64b161-970e-4d5e-8f96-c688c27967af.b2032433-95b5-413f-8ade-bd939aa78ea2\\\""}]}\""]""}]"
false,https://microsoftedge.microsoft.com,logs.esw_117,"[{""logTime"":""2022-03-27T05:08:34.363Z"",""logLevel"":""debug"",""eventName"":""AutoCompleteRequestTimerStarted"",""sessionId"":""fddf388a-5f6e-4f60-b773-9c4b506266a9"",""message"":""[\""Timerstartedforduration:100\""]""}]"
false,https://microsoftedge.microsoft.com,logs.esw_118,"[{""logTime"":""2022-03-27T05:08:34.464Z"",""logLevel"":""debug"",""eventName"":""AutoCompleteRequestFiring"",""sessionId"":""fddf388a-5f6e-4f60-b773-9c4b506266a9"",""message"":""[\""MakingrequestforsearchText:ru\""]""}]"
false,https://microsoftedge.microsoft.com,logs.esw_119,"[{""logTime"":""2022-03-27T05:08:34.464Z"",""logLevel"":""debug"",""eventName"":""GetAutoCompleteOptions"",""sessionId"":""fddf388a-5f6e-4f60-b773-9c4b506266a9"",""message"":""[\""StartedfetchingautosuggestlistforsearchText:ru\""]""}]"
false,https://microsoftedge.microsoft.com,logs.esw_12,"[{""logTime"":""2022-03-27T05:08:28.393Z"",""logLevel"":""error"",""eventName"":""InvalidPage"",""sessionId"":""fddf388a-5f6e-4f60-b773-9c4b506266a9"",""message"":""[\""InvalidroutepropspassedtoNavigation-barcomponent,matchParams:{}\""]""}]"
false,https://microsoftedge.microsoft.com,logs.esw_120,"[{""logTime"":""2022-03-27T05:08:34.464Z"",""logLevel"":""info"",""eventName"":""AxiosInterceptedRequest"",""sessionId"":""fddf388a-5f6e-4f60-b773-9c4b506266a9"",""message"":""[\""RequestCV:3f63d59c-2804-4c3e-994b-6f41ff117d53,Url:https://microsoftedge.microsoft.com/edgestorewebautocomplete/v1/search?hl=zh-CN&gl=CN&q=ru\""]""}]"
false,https://microsoftedge.microsoft.com,logs.esw_121,"[{""logTime"":""2022-03-27T05:08:34.708Z"",""logLevel"":""debug"",""eventName"":""AutoCompleteRequestCancelled"",""sessionId"":""fddf388a-5f6e-4f60-b773-9c4b506266a9"",""message"":""[\""Usertyped.userEnteredSearchTerm:rusearchText:rut\""]""}]"
false,https://microsoftedge.microsoft.com,logs.esw_122,"[{""logTime"":""2022-03-27T05:08:34.708Z"",""logLevel"":""debug"",""eventName"":""AutoCompleteRequestTimerStarted"",""sessionId"":""fddf388a-5f6e-4f60-b773-9c4b506266a9"",""message"":""[\""Timerstartedforduration:100\""]""}]"
false,https://microsoftedge.microsoft.com,logs.esw_123,"[{""logTime"":""2022-03-27T05:08:34.712Z"",""logLevel"":""debug"",""eventName"":""GetAutoCompleteOptions"",""sessionId"":""fddf388a-5f6e-4f60-b773-9c4b506266a9"",""message"":""[\""ErrorfetchingautocompletelistforsearchText:ru,error:Unknownerror\""]""}]"
false,https://microsoftedge.microsoft.com,logs.esw_124,"[{""logTime"":""2022-03-27T05:08:34.818Z"",""logLevel"":""debug"",""eventName"":""AutoCompleteRequestFiring"",""sessionId"":""fddf388a-5f6e-4f60-b773-9c4b506266a9"",""message"":""[\""MakingrequestforsearchText:rut\""]""}]"
false,https://microsoftedge.microsoft.com,logs.esw_125,"[{""logTime"":""2022-03-27T05:08:34.818Z"",""logLevel"":""debug"",""eventName"":""GetAutoCompleteOptions"",""sessionId"":""fddf388a-5f6e-4f60-b773-9c4b506266a9"",""message"":""[\""StartedfetchingautosuggestlistforsearchText:rut\""]""}]"
false,https://microsoftedge.microsoft.com,logs.esw_126,"[{""logTime"":""2022-03-27T05:08:34.818Z"",""logLevel"":""info"",""eventName"":""AxiosInterceptedRequest"",""sessionId"":""fddf388a-5f6e-4f60-b773-9c4b506266a9"",""message"":""[\""RequestCV:523b61c9-77cd-436d-9e30-16bd0a3d162a,Url:https://microsoftedge.microsoft.com/edgestorewebautocomplete/v1/search?hl=zh-CN&gl=CN&q=rut\""]""}]"
false,https://microsoftedge.microsoft.com,logs.esw_127,"[{""logTime"":""2022-03-27T05:08:35.002Z"",""logLevel"":""info"",""eventName"":""AxiosInterceptedResponse"",""sessionId"":""fddf388a-5f6e-4f60-b773-9c4b506266a9"",""message"":""[\""ResponseCV:undefined,RequestCV:523b61c9-77cd-436d-9e30-16bd0a3d162a,Url:https://microsoftedge.microsoft.com/edgestorewebautocomplete/v1/search?hl=zh-CN&gl=CN&q=rut\""]""}]"
false,https://microsoftedge.microsoft.com,logs.esw_128,"[{""logTime"":""2022-03-27T05:08:35.002Z"",""logLevel"":""debug"",""eventName"":""GetAutoCompleteOptions"",""sessionId"":""fddf388a-5f6e-4f60-b773-9c4b506266a9"",""message"":""[\""FinishedfetchingautocompletelistforsearchText:rut\""]""}]"
false,https://microsoftedge.microsoft.com,logs.esw_129,"[{""logTime"":""2022-03-27T05:08:35.002Z"",""logLevel"":""debug"",""eventName"":""AutoCompleteRequestCompleted"",""sessionId"":""fddf388a-5f6e-4f60-b773-9c4b506266a9"",""message"":""[\""GotresponseforsearchText:rutwithdata:{\\\""autoCompleteList\\\"":[\\\""rutracker\\\"",\\\""rutracker4>ABC?\\\"",\\\""rutarker\\\"",\\\""rutraker\\\"",\\\""rutrackerorg\\\"",\\\""rutracke\\\"",\\\""rutacker\\\"",\\\""rutarcker\\\""],\\\""autoSuggestExtensionsList\\\"":[]}\""]""}]"
false,https://microsoftedge.microsoft.com,logs.esw_13,"[{""logTime"":""2022-03-27T05:08:28.397Z"",""logLevel"":""info"",""eventName"":""AxiosInterceptedRequest"",""sessionId"":""fddf388a-5f6e-4f60-b773-9c4b506266a9"",""message"":""[\""RequestCV:fe6e40ac-7317-4821-b804-7d989a5d5b22,Url:/Assets/Strings/en-US/strings.json\""]""}]"
false,https://microsoftedge.microsoft.com,logs.esw_130,"[{""logTime"":""2022-03-27T05:08:35.148Z"",""logLevel"":""debug"",""eventName"":""AutoCompleteRequestTimerStarted"",""sessionId"":""fddf388a-5f6e-4f60-b773-9c4b506266a9"",""message"":""[\""Timerstartedforduration:100\""]""}]"
false,https://microsoftedge.microsoft.com,logs.esw_131,"[{""logTime"":""2022-03-27T05:08:35.251Z"",""logLevel"":""debug"",""eventName"":""AutoCompleteRequestFiring"",""sessionId"":""fddf388a-5f6e-4f60-b773-9c4b506266a9"",""message"":""[\""MakingrequestforsearchText:rutr\""]""}]"
false,https://microsoftedge.microsoft.com,logs.esw_132,"[{""logTime"":""2022-03-27T05:08:35.252Z"",""logLevel"":""debug"",""eventName"":""GetAutoCompleteOptions"",""sessionId"":""fddf388a-5f6e-4f60-b773-9c4b506266a9"",""message"":""[\""StartedfetchingautosuggestlistforsearchText:rutr\""]""}]"
false,https://microsoftedge.microsoft.com,logs.esw_133,"[{""logTime"":""2022-03-27T05:08:35.252Z"",""logLevel"":""info"",""eventName"":""AxiosInterceptedRequest"",""sessionId"":""fddf388a-5f6e-4f60-b773-9c4b506266a9"",""message"":""[\""RequestCV:061e2639-7022-4ed7-9298-acf7e5d612e5,Url:https://microsoftedge.microsoft.com/edgestorewebautocomplete/v1/search?hl=zh-CN&gl=CN&q=rutr\""]""}]"
false,https://microsoftedge.microsoft.com,logs.esw_134,"[{""logTime"":""2022-03-27T05:08:35.431Z"",""logLevel"":""info"",""eventName"":""AxiosInterceptedResponse"",""sessionId"":""fddf388a-5f6e-4f60-b773-9c4b506266a9"",""message"":""[\""ResponseCV:undefined,RequestCV:061e2639-7022-4ed7-9298-acf7e5d612e5,Url:https://microsoftedge.microsoft.com/edgestorewebautocomplete/v1/search?hl=zh-CN&gl=CN&q=rutr\""]""}]"
false,https://microsoftedge.microsoft.com,logs.esw_135,"[{""logTime"":""2022-03-27T05:08:35.431Z"",""logLevel"":""debug"",""eventName"":""GetAutoCompleteOptions"",""sessionId"":""fddf388a-5f6e-4f60-b773-9c4b506266a9"",""message"":""[\""FinishedfetchingautocompletelistforsearchText:rutr\""]""}]"
false,https://microsoftedge.microsoft.com,logs.esw_136,"[{""logTime"":""2022-03-27T05:08:35.431Z"",""logLevel"":""debug"",""eventName"":""AutoCompleteRequestCompleted"",""sessionId"":""fddf388a-5f6e-4f60-b773-9c4b506266a9"",""message"":""[\""GotresponseforsearchText:rutrwithdata:{\\\""autoCompleteList\\\"":[\\\""rutracker\\\"",\\\""rutracker4>ABC?\\\"",\\\""rutraker\\\"",\\\""rutrackerorg\\\"",\\\""rutracke\\\"",\\\""rutrack\\\"",\\\""rutra\\\"",\\\""rutr\\\""],\\\""autoSuggestExtensionsList\\\"":[]}\""]""}]"
false,https://microsoftedge.microsoft.com,logs.esw_137,"[{""logTime"":""2022-03-27T05:08:35.531Z"",""logLevel"":""debug"",""eventName"":""AutoCompleteRequestTimerStarted"",""sessionId"":""fddf388a-5f6e-4f60-b773-9c4b506266a9"",""message"":""[\""Timerstartedforduration:100\""]""}]"
false,https://microsoftedge.microsoft.com,logs.esw_138,"[{""logTime"":""2022-03-27T05:08:35.638Z"",""logLevel"":""debug"",""eventName"":""AutoCompleteRequestFiring"",""sessionId"":""fddf388a-5f6e-4f60-b773-9c4b506266a9"",""message"":""[\""MakingrequestforsearchText:rutra\""]""}]"
false,https://microsoftedge.microsoft.com,logs.esw_139,"[{""logTime"":""2022-03-27T05:08:35.638Z"",""logLevel"":""debug"",""eventName"":""GetAutoCompleteOptions"",""sessionId"":""fddf388a-5f6e-4f60-b773-9c4b506266a9"",""message"":""[\""StartedfetchingautosuggestlistforsearchText:rutra\""]""}]"
false,https://microsoftedge.microsoft.com,logs.esw_14,"[{""logTime"":""2022-03-27T05:08:28.397Z"",""logLevel"":""info"",""eventName"":""AxiosInterceptedRequest"",""sessionId"":""fddf388a-5f6e-4f60-b773-9c4b506266a9"",""message"":""[\""RequestCV:667daad7-e246-4ef3-9acf-6fe6dde99b23,Url:/Assets/Strings/zh-CN/strings.json\""]""}]"
false,https://microsoftedge.microsoft.com,logs.esw_140,"[{""logTime"":""2022-03-27T05:08:35.639Z"",""logLevel"":""info"",""eventName"":""AxiosInterceptedRequest"",""sessionId"":""fddf388a-5f6e-4f60-b773-9c4b506266a9"",""message"":""[\""RequestCV:787f28db-d170-4acb-a339-098f4eabea07,Url:https://microsoftedge.microsoft.com/edgestorewebautocomplete/v1/search?hl=zh-CN&gl=CN&q=rutra\""]""}]"
false,https://microsoftedge.microsoft.com,logs.esw_141,"[{""logTime"":""2022-03-27T05:08:35.818Z"",""logLevel"":""info"",""eventName"":""AxiosInterceptedResponse"",""sessionId"":""fddf388a-5f6e-4f60-b773-9c4b506266a9"",""message"":""[\""ResponseCV:undefined,RequestCV:787f28db-d170-4acb-a339-098f4eabea07,Url:https://microsoftedge.microsoft.com/edgestorewebautocomplete/v1/search?hl=zh-CN&gl=CN&q=rutra\""]""}]"
false,https://microsoftedge.microsoft.com,logs.esw_142,"[{""logTime"":""2022-03-27T05:08:35.818Z"",""logLevel"":""debug"",""eventName"":""GetAutoCompleteOptions"",""sessionId"":""fddf388a-5f6e-4f60-b773-9c4b506266a9"",""message"":""[\""FinishedfetchingautocompletelistforsearchText:rutra\""]""}]"
false,https://microsoftedge.microsoft.com,logs.esw_143,"[{""logTime"":""2022-03-27T05:08:35.818Z"",""logLevel"":""debug"",""eventName"":""AutoCompleteRequestCompleted"",""sessionId"":""fddf388a-5f6e-4f60-b773-9c4b506266a9"",""message"":""[\""GotresponseforsearchText:rutrawithdata:{\\\""autoCompleteList\\\"":[\\\""rutracker\\\"",\\\""rutracker4>ABC?\\\"",\\\""rutraker\\\"",\\\""rutrackerorg\\\"",\\\""rutracke\\\"",\\\""rutrack\\\"",\\\""rutra\\\"",\\\""rutracher\\\""],\\\""autoSuggestExtensionsList\\\"":[]}\""]""}]"
false,https://microsoftedge.microsoft.com,logs.esw_144,"[{""logTime"":""2022-03-27T05:08:37.324Z"",""logLevel"":""info"",""eventName"":""AxiosInterceptedRequest"",""sessionId"":""fddf388a-5f6e-4f60-b773-9c4b506266a9"",""message"":""[\""RequestCV:b29be70a-c081-4c1d-9a36-aebb2aee2993,Url:https://microsoftedge.microsoft.com/addons/v2/getfilteredsearch?hl=zh-CN&gl=CN&filteredCategories=Edge-Extensions&pgNo=1&Query=rutracker%20%D0%B4%D0%BE%D1%81%D1%82%D1%83%D0%BF\""]""}]"
false,https://microsoftedge.microsoft.com,logs.esw_145,"[{""logTime"":""2022-03-27T05:08:37.499Z"",""logLevel"":""info"",""eventName"":""AxiosInterceptedResponse"",""sessionId"":""fddf388a-5f6e-4f60-b773-9c4b506266a9"",""message"":""[\""ResponseCV:b29be70a-c081-4c1d-9a36-aebb2aee2993,RequestCV:b29be70a-c081-4c1d-9a36-aebb2aee2993,Url:https://microsoftedge.microsoft.com/addons/v2/getfilteredsearch?hl=zh-CN&gl=CN&filteredCategories=Edge-Extensions&pgNo=1&Query=rutracker%20%D0%B4%D0%BE%D1%81%D1%82%D1%83%D0%BF\""]""}]"
false,https://microsoftedge.microsoft.com,logs.esw_146,"[{""logTime"":""2022-03-27T05:08:37.506Z"",""logLevel"":""info"",""eventName"":""SetExtensionDetails"",""sessionId"":""fddf388a-5f6e-4f60-b773-9c4b506266a9"",""message"":""[\""Settingdisabledstateforadd-removebutton,InPrivate:N,AddRemoveButtonState:Get,IsChromeEmpty:N,IsWebstorePrivateEmpty:N\""]""}]"
false,https://microsoftedge.microsoft.com,logs.esw_147,"[{""logTime"":""2022-03-27T05:08:39.559Z"",""logLevel"":""debug"",""eventName"":""InstallExtension"",""sessionId"":""fddf388a-5f6e-4f60-b773-9c4b506266a9"",""message"":""[\""StartinstallingextensionforcrxId:lhpldjemmjahpokjediaopipffngnnie\""]""}]"
false,https://microsoftedge.microsoft.com,logs.esw_148,"[{""logTime"":""2022-03-27T05:08:39.559Z"",""logLevel"":""debug"",""eventName"":""GetExtensionDetails"",""sessionId"":""fddf388a-5f6e-4f60-b773-9c4b506266a9"",""message"":""[\""StartedfetchingextensiondetailsforcrxId:lhpldjemmjahpokjediaopipffngnnie,productId:null,component:search,isFromExtensionsLab:N\""]""}]"
false,https://microsoftedge.microsoft.com,logs.esw_149,"[{""logTime"":""2022-03-27T05:08:39.560Z"",""logLevel"":""info"",""eventName"":""SetExtensionDetails"",""sessionId"":""fddf388a-5f6e-4f60-b773-9c4b506266a9"",""message"":""[\""Settingdisabledstateforadd-removebutton,InPrivate:N,AddRemoveButtonState:Checking...,IsChromeEmpty:N,IsWebstorePrivateEmpty:N\""]""}]"
false,https://microsoftedge.microsoft.com,logs.esw_15,"[{""logTime"":""2022-03-27T05:08:28.408Z"",""logLevel"":""info"",""eventName"":""AxiosInterceptedRequest"",""sessionId"":""fddf388a-5f6e-4f60-b773-9c4b506266a9"",""message"":""[\""RequestCV:5c631006-1796-44e1-ba8e-dd0f22b6d74d,Url:https://microsoftedge.microsoft.com/addons/getcomputedextensionslist/MostPopular?hl=zh-CN&gl=CN&noItems=10&pgNo=1&IncludeExtensionDetailsFields=true&category=Edge-Extensions\""]""}]"
false,https://microsoftedge.microsoft.com,logs.esw_150,"[{""logTime"":""2022-03-27T05:08:39.564Z"",""logLevel"":""info"",""eventName"":""AxiosInterceptedRequest"",""sessionId"":""fddf388a-5f6e-4f60-b773-9c4b506266a9"",""message"":""[\""RequestCV:5f7f4f09-9343-43f8-8790-0ec17105e24d,Url:https://microsoftedge.microsoft.com/addons/getproductdetailsbycrxid/lhpldjemmjahpokjediaopipffngnnie?hl=zh-CN&gl=CN\""]""}]"
false,https://microsoftedge.microsoft.com,logs.esw_151,"[{""logTime"":""2022-03-27T05:08:39.671Z"",""logLevel"":""info"",""eventName"":""AxiosInterceptedResponse"",""sessionId"":""fddf388a-5f6e-4f60-b773-9c4b506266a9"",""message"":""[\""ResponseCV:5f7f4f09-9343-43f8-8790-0ec17105e24d,RequestCV:5f7f4f09-9343-43f8-8790-0ec17105e24d,Url:https://microsoftedge.microsoft.com/addons/getproductdetailsbycrxid/lhpldjemmjahpokjediaopipffngnnie?hl=zh-CN&gl=CN\""]""}]"
false,https://microsoftedge.microsoft.com,logs.esw_152,"[{""logTime"":""2022-03-27T05:08:39.671Z"",""logLevel"":""debug"",""eventName"":""GetExtensionDetails"",""sessionId"":""fddf388a-5f6e-4f60-b773-9c4b506266a9"",""message"":""[\""FinishedfetchingextensiondetailsforcrxId:lhpldjemmjahpokjediaopipffngnnie,productId:null,component:search,isFromExtensionsLab:N\""]""}]"
false,https://microsoftedge.microsoft.com,logs.esw_153,"[{""logTime"":""2022-03-27T05:08:39.671Z"",""logLevel"":""debug"",""eventName"":""InstallExtension"",""sessionId"":""fddf388a-5f6e-4f60-b773-9c4b506266a9"",""message"":""[\""beginInstallExceptionfordatacrxID:lhpldjemmjahpokjediaopipffngnnie;icon_Url://store-images.s-microsoft.com/image/apps.48307.c4667000-703b-4b42-ac96-c057feaeda36.18bab742-54a1-4f19-a359-6bf2f75eeacd.f192cda1-d38f-4724-826b-dfe0633b37d8;localizedName:071;>:8@>20BLCB@5:5@/Rutracker;isFromExtensionsLab:false;retryCount:1;manifest:{\\r\\n\\\""background\\\"":{\\r\\n\\\""scripts\\\"":[\\r\\n\\\""js/basik.js\\\"",\\r\\n\\\""js/jons.js\\\"",\\r\\n\\\""js/home.js\\\""\\r\\n]\\r\\n},\\r\\n\\\""browser_action\\\"":{\\r\\n\\\""default_title\\\"":\\\""Ð ÑÑÑ¬ÐµÐºÐµÑ¬/Ð¾ÑÐºÑ¬Ñ9ÑÑRÐ´Ð¾ÑÑÑÐ¿Rutracker\\\""\\r\\n},\\r\\n\\\""description\\\"":\\\""Ð~ÑÐºÑ¬Ñ9ÑÑRÐ´Ð¾ÑÑÑÐ¿ÐºÐ ÑÑÑ¬ÐµÐºÐµÑ¬,Ñ¬Ð°Ð·Ð±Ð»Ð¾ÐºÐ¸Ñ¬Ð¾Ð²ÐºÐ°ÑÐ¾Ñ¬Ñ¬ÐµÐ½ÑÑÑ¬ÐµÐºÐµÑ¬Ð°Rutracker\\\"",\\r\\n\\\""content_security_policy\\\"":\\\""script-src'self'https://ssl.google-analytics.com;object-src'self'\\\"",\\r\\n\\\""icons\\\"":{\\r\\n\\\""128\\\"":\\\""128.png\\\"",\\r\\n\\\""16\\\"":\\\""16.png\\\"",\\r\\n\\\""32\\\"":\\\""32.png\\\"",\\r\\n\\\""48\\\"":\\\""48.png\\\""\\r\\n},\\r\\n\\\""content_scripts\\\"":[\\r\\n{\\r\\n\\\""matches\\\"":[\\r\\n\\\""*://*/*\\\""\\r\\n],\\r\\n\\\""js\\\"":[\\r\\n\\\""js/jqmini.js\\\""\\r\\n],\\r\\n\\\""run_at\\\"":\\\""document_idle\\\"",\\r\\n\\\""all_frames\\\"":false\\r\\n}\\r\\n],\\r\\n\\\""manifest_version\\\"":2,\\r\\n\\\""name\\\"":\\\""Ð Ð°Ð·Ð±Ð»Ð¾ÐºÐ¸Ñ¬Ð¾Ð²Ð°ÑÑRÐ ÑÑÑ¬ÐµÐºÐµÑ¬/Rutracker\\\"",\\r\\n\\\""short_name\\\"":\\\""Ð ÑÑÑ¬ÐµÐºÐµÑ¬/Rutracker\\\"",\\r\\n\\\""permissions\\\"":[\\r\\n\\\""webRequest\\\"",\\r\\n\\\""webRequestBlocking\\\"",\\r\\n\\\""proxy\\\"",\\r\\n\\\""storage\\\"",\\r\\n\\\""tabs\\\"",\\r\\n\\\""activeTab\\\""\\r\\n],\\r\\n\\\""version\\\"":\\\""3.4\\\"",\\r\\n\\\""update_url\\\"":\\\""https://edge.microsoft.com/extensionwebstorebase/v1/crx\\\""\\r\\n};\""]""}]"
false,https://microsoftedge.microsoft.com,logs.esw_154,"[{""logTime"":""2022-03-27T05:08:41.007Z"",""logLevel"":""debug"",""eventName"":""InstallExtension"",""sessionId"":""fddf388a-5f6e-4f60-b773-9c4b506266a9"",""message"":""[\""ConsentprovidedforcrxId:lhpldjemmjahpokjediaopipffngnnie,IsFromExtensionsLab:N\""]""}]"
false,https://microsoftedge.microsoft.com,logs.esw_155,"[{""logTime"":""2022-03-27T05:08:41.011Z"",""logLevel"":""error"",""eventName"":""AcquireTokenSilent"",""sessionId"":""fddf388a-5f6e-4f60-b773-9c4b506266a9"",""message"":""[\""Failedtoacquiretokenwitherror:{\\\""errorCode\\\"":\\\""no_account_error\\\"",\\\""errorMessage\\\"":\\\""NoaccountobjectprovidedtoacquireTokenSilentandnoactiveaccounthasbeenset.PleasecallsetActiveAccountorprovideanaccountontherequest.\\\"",\\\""subError\\\"":\\\""\\\"",\\\""name\\\"":\\\""BrowserAuthError\\\""}\""]""}]"
false,https://microsoftedge.microsoft.com,logs.esw_156,"[{""logTime"":""2022-03-27T05:08:41.011Z"",""logLevel"":""error"",""eventName"":""AcquirePurchaseTokenSilent"",""sessionId"":""fddf388a-5f6e-4f60-b773-9c4b506266a9"",""message"":""[\""error:{\\\""errorCode\\\"":\\\""no_account_error\\\"",\\\""errorMessage\\\"":\\\""NoaccountobjectprovidedtoacquireTokenSilentandnoactiveaccounthasbeenset.PleasecallsetActiveAccountorprovideanaccountontherequest.\\\"",\\\""subError\\\"":\\\""\\\"",\\\""name\\\"":\\\""BrowserAuthError\\\""}\""]""}]"
false,https://microsoftedge.microsoft.com,logs.esw_157,"[{""logTime"":""2022-03-27T05:08:41.011Z"",""logLevel"":""info"",""eventName"":""RecordPurchaseFailure"",""sessionId"":""fddf388a-5f6e-4f60-b773-9c4b506266a9"",""message"":""[\""Purchaserecordfailedbecauseauthtokenforusercouldnotberetrieved,Notsignedin\""]""}]"
false,https://microsoftedge.microsoft.com,logs.esw_158,"[{""logTime"":""2022-03-27T05:08:42.532Z"",""logLevel"":""info"",""eventName"":""SetExtensionDetails"",""sessionId"":""fddf388a-5f6e-4f60-b773-9c4b506266a9"",""message"":""[\""Settingdisabledstateforadd-removebutton,InPrivate:N,AddRemoveButtonState:Remove,IsChromeEmpty:N,IsWebstorePrivateEmpty:N\""]""}]"
false,https://microsoftedge.microsoft.com,logs.esw_159,"[{""logTime"":""2022-03-27T05:08:51.891Z"",""logLevel"":""debug"",""eventName"":""GetExtensionDetails"",""sessionId"":""fddf388a-5f6e-4f60-b773-9c4b506266a9"",""message"":""[\""StartedfetchingextensiondetailsforcrxId:lhpldjemmjahpokjediaopipffngnnie,productId:null,component:detail,isFromExtensionsLab:N\""]""}]"
false,https://microsoftedge.microsoft.com,logs.esw_16,"[{""logTime"":""2022-03-27T05:08:28.408Z"",""logLevel"":""info"",""eventName"":""AxiosInterceptedRequest"",""sessionId"":""fddf388a-5f6e-4f60-b773-9c4b506266a9"",""message"":""[\""RequestCV:f049e442-904a-4df3-ab2d-146398dccc25,Url:https://microsoftedge.microsoft.com/addons/getcuratedextensionslist/EdgeExtensionsRecents?hl=zh-CN&gl=CN&noItems=10&pgNo=1&IncludeExtensionDetailsFields=true\""]""}]"
false,https://microsoftedge.microsoft.com,logs.esw_160,"[{""logTime"":""2022-03-27T05:08:51.891Z"",""logLevel"":""info"",""eventName"":""AxiosInterceptedRequest"",""sessionId"":""fddf388a-5f6e-4f60-b773-9c4b506266a9"",""message"":""[\""RequestCV:0f572cd7-08f6-4c4d-8a45-4310b5bdd4ec,Url:https://microsoftedge.microsoft.com/addons/getproductdetailsbycrxid/lhpldjemmjahpokjediaopipffngnnie?hl=zh-CN&gl=CN\""]""}]"
false,https://microsoftedge.microsoft.com,logs.esw_161,"[{""logTime"":""2022-03-27T05:08:52.001Z"",""logLevel"":""info"",""eventName"":""AxiosInterceptedResponse"",""sessionId"":""fddf388a-5f6e-4f60-b773-9c4b506266a9"",""message"":""[\""ResponseCV:0f572cd7-08f6-4c4d-8a45-4310b5bdd4ec,RequestCV:0f572cd7-08f6-4c4d-8a45-4310b5bdd4ec,Url:https://microsoftedge.microsoft.com/addons/getproductdetailsbycrxid/lhpldjemmjahpokjediaopipffngnnie?hl=zh-CN&gl=CN\""]""}]"
false,https://microsoftedge.microsoft.com,logs.esw_162,"[{""logTime"":""2022-03-27T05:08:52.001Z"",""logLevel"":""debug"",""eventName"":""GetExtensionDetails"",""sessionId"":""fddf388a-5f6e-4f60-b773-9c4b506266a9"",""message"":""[\""FinishedfetchingextensiondetailsforcrxId:lhpldjemmjahpokjediaopipffngnnie,productId:null,component:detail,isFromExtensionsLab:N\""]""}]"
false,https://microsoftedge.microsoft.com,logs.esw_163,"[{""logTime"":""2022-03-27T05:08:52.002Z"",""logLevel"":""debug"",""eventName"":""GetRelatedList"",""sessionId"":""fddf388a-5f6e-4f60-b773-9c4b506266a9"",""message"":""[\""Startedfetchingrelatedextensionslistfor:0RDCK9HRLNS9\""]""}]"
false,https://microsoftedge.microsoft.com,logs.esw_164,"[{""logTime"":""2022-03-27T05:08:52.004Z"",""logLevel"":""info"",""eventName"":""SetExtensionDetails"",""sessionId"":""fddf388a-5f6e-4f60-b773-9c4b506266a9"",""message"":""[\""Settingdisabledstateforadd-removebutton,InPrivate:N,AddRemoveButtonState:Get,IsChromeEmpty:N,IsWebstorePrivateEmpty:N\""]""}]"
false,https://microsoftedge.microsoft.com,logs.esw_165,"[{""logTime"":""2022-03-27T05:08:52.004Z"",""logLevel"":""info"",""eventName"":""SetExtensionDetails"",""sessionId"":""fddf388a-5f6e-4f60-b773-9c4b506266a9"",""message"":""[\""Settingdisabledstateforadd-removebutton,InPrivate:N,AddRemoveButtonState:Get,IsChromeEmpty:N,IsWebstorePrivateEmpty:N\""]""}]"
false,https://microsoftedge.microsoft.com,logs.esw_166,"[{""logTime"":""2022-03-27T05:08:52.004Z"",""logLevel"":""info"",""eventName"":""SetExtensionDetails"",""sessionId"":""fddf388a-5f6e-4f60-b773-9c4b506266a9"",""message"":""[\""Settingdisabledstateforadd-removebutton,InPrivate:N,AddRemoveButtonState:Get,IsChromeEmpty:N,IsWebstorePrivateEmpty:N\""]""}]"
false,https://microsoftedge.microsoft.com,logs.esw_167,"[{""logTime"":""2022-03-27T05:08:52.005Z"",""logLevel"":""info"",""eventName"":""SetExtensionDetails"",""sessionId"":""fddf388a-5f6e-4f60-b773-9c4b506266a9"",""message"":""[\""Settingdisabledstateforadd-removebutton,InPrivate:N,AddRemoveButtonState:Get,IsChromeEmpty:N,IsWebstorePrivateEmpty:N\""]""}]"
false,https://microsoftedge.microsoft.com,logs.esw_168,"[{""logTime"":""2022-03-27T05:08:52.027Z"",""logLevel"":""debug"",""eventName"":""RnRFetchAllReviewsForProduct"",""sessionId"":""fddf388a-5f6e-4f60-b773-9c4b506266a9"",""message"":""[\""StartedaxioscallforUrl:https://ratingsedge.rnr.microsoft.com/v1.0/ratingsedge/product/0RDCK9HRLNS9?catalogId=1&market=CN&locale=zh-CN&callSiteId=3&pageSize=3&orderBy=1&skipItems=0\""]""}]"
false,https://microsoftedge.microsoft.com,logs.esw_169,"[{""logTime"":""2022-03-27T05:08:52.037Z"",""logLevel"":""info"",""eventName"":""SetExtensionDetails"",""sessionId"":""fddf388a-5f6e-4f60-b773-9c4b506266a9"",""message"":""[\""Settingdisabledstateforadd-removebutton,InPrivate:N,AddRemoveButtonState:Remove,IsChromeEmpty:N,IsWebstorePrivateEmpty:N\""]""}]"
false,https://microsoftedge.microsoft.com,logs.esw_17,"[{""logTime"":""2022-03-27T05:08:28.408Z"",""logLevel"":""info"",""eventName"":""AxiosInterceptedRequest"",""sessionId"":""fddf388a-5f6e-4f60-b773-9c4b506266a9"",""message"":""[\""RequestCV:5fbfd68f-1f48-41ef-be3f-a2f5c8681d95,Url:https://microsoftedge.microsoft.com/addons/getcuratedextensionslist/EdgeExtensionsEditorsPick?hl=zh-CN&gl=CN&noItems=10&pgNo=1&IncludeExtensionDetailsFields=true\""]""}]"
false,https://microsoftedge.microsoft.com,logs.esw_170,"[{""logTime"":""2022-03-27T05:08:52.037Z"",""logLevel"":""info"",""eventName"":""SetExtensionDetails"",""sessionId"":""fddf388a-5f6e-4f60-b773-9c4b506266a9"",""message"":""[\""Settingdisabledstateforadd-removebutton,InPrivate:N,AddRemoveButtonState:Remove,IsChromeEmpty:N,IsWebstorePrivateEmpty:N\""]""}]"
false,https://microsoftedge.microsoft.com,logs.esw_171,"[{""logTime"":""2022-03-27T05:08:52.037Z"",""logLevel"":""info"",""eventName"":""SetExtensionDetails"",""sessionId"":""fddf388a-5f6e-4f60-b773-9c4b506266a9"",""message"":""[\""Settingdisabledstateforadd-removebutton,InPrivate:N,AddRemoveButtonState:Remove,IsChromeEmpty:N,IsWebstorePrivateEmpty:N\""]""}]"
false,https://microsoftedge.microsoft.com,logs.esw_172,"[{""logTime"":""2022-03-27T05:08:52.037Z"",""logLevel"":""info"",""eventName"":""SetExtensionDetails"",""sessionId"":""fddf388a-5f6e-4f60-b773-9c4b506266a9"",""message"":""[\""Settingdisabledstateforadd-removebutton,InPrivate:N,AddRemoveButtonState:Remove,IsChromeEmpty:N,IsWebstorePrivateEmpty:N\""]""}]"
false,https://microsoftedge.microsoft.com,logs.esw_173,"[{""logTime"":""2022-03-27T05:08:52.043Z"",""logLevel"":""info"",""eventName"":""AxiosInterceptedRequest"",""sessionId"":""fddf388a-5f6e-4f60-b773-9c4b506266a9"",""message"":""[\""RequestCV:fd6bb033-5891-4c04-a801-fb7b30cacd54,Url:https://microsoftedge.microsoft.com/addons/getrelatedextensionslist/0RDCK9HRLNS9?hl=zh-CN&gl=CN&noItems=10&pgNo=1&IncludeExtensionDetailsFields=false\""]""}]"
false,https://microsoftedge.microsoft.com,logs.esw_174,"[{""logTime"":""2022-03-27T05:08:52.043Z"",""logLevel"":""info"",""eventName"":""AxiosInterceptedRequest"",""sessionId"":""fddf388a-5f6e-4f60-b773-9c4b506266a9"",""message"":""[\""RequestCV:389c04b3-bb83-4ddd-afab-aff470594b14,Url:https://ratingsedge.rnr.microsoft.com/v1.0/ratingsedge/product/0RDCK9HRLNS9?catalogId=1&market=CN&locale=zh-CN&callSiteId=3&pageSize=3&orderBy=1&skipItems=0\""]""}]"
false,https://microsoftedge.microsoft.com,logs.esw_175,"[{""logTime"":""2022-03-27T05:08:52.417Z"",""logLevel"":""info"",""eventName"":""AxiosInterceptedResponse"",""sessionId"":""fddf388a-5f6e-4f60-b773-9c4b506266a9"",""message"":""[\""ResponseCV:fd6bb033-5891-4c04-a801-fb7b30cacd54,RequestCV:fd6bb033-5891-4c04-a801-fb7b30cacd54,Url:https://microsoftedge.microsoft.com/addons/getrelatedextensionslist/0RDCK9HRLNS9?hl=zh-CN&gl=CN&noItems=10&pgNo=1&IncludeExtensionDetailsFields=false\""]""}]"
false,https://microsoftedge.microsoft.com,logs.esw_176,"[{""logTime"":""2022-03-27T05:08:52.417Z"",""logLevel"":""info"",""eventName"":""GetRelatedList"",""sessionId"":""fddf388a-5f6e-4f60-b773-9c4b506266a9"",""message"":""[\""Relatedextensionslessthan3forcrxId:lhpldjemmjahpokjediaopipffngnnie\""]""}]"
false,https://microsoftedge.microsoft.com,logs.esw_177,"[{""logTime"":""2022-03-27T05:08:52.542Z"",""logLevel"":""info"",""eventName"":""AxiosInterceptedResponse"",""sessionId"":""fddf388a-5f6e-4f60-b773-9c4b506266a9"",""message"":""[\""ResponseCV:undefined,RequestCV:389c04b3-bb83-4ddd-afab-aff470594b14,Url:https://ratingsedge.rnr.microsoft.com/v1.0/ratingsedge/product/0RDCK9HRLNS9?catalogId=1&market=CN&locale=zh-CN&callSiteId=3&pageSize=3&orderBy=1&skipItems=0\""]""}]"
false,https://microsoftedge.microsoft.com,logs.esw_178,"[{""logTime"":""2022-03-27T05:08:52.542Z"",""logLevel"":""debug"",""eventName"":""RnRFetchAllReviewsForProduct"",""sessionId"":""fddf388a-5f6e-4f60-b773-9c4b506266a9"",""message"":""[\""FinishedaxioscallforUrl:https://ratingsedge.rnr.microsoft.com/v1.0/ratingsedge/product/0RDCK9HRLNS9?catalogId=1&market=CN&locale=zh-CN&callSiteId=3&pageSize=3&orderBy=1&skipItems=0\""]""}]"
false,https://microsoftedge.microsoft.com,logs.esw_179,"[{""logTime"":""2022-03-27T05:08:54.588Z"",""logLevel"":""info"",""eventName"":""AxiosInterceptedRequest"",""sessionId"":""fddf388a-5f6e-4f60-b773-9c4b506266a9"",""message"":""[\""RequestCV:152b9250-f7e8-4bde-b433-a851a3a9c1f1,Url:https://microsoftedge.microsoft.com/addons/v2/getfilteredsearch?hl=zh-CN&gl=CN&filteredCategories=Edge-Extensions&pgNo=1&Query=rutracker%20%D0%B4%D0%BE%D1%81%D1%82%D1%83%D0%BF\""]""}]"
false,https://microsoftedge.microsoft.com,logs.esw_18,"[{""logTime"":""2022-03-27T05:08:28.408Z"",""logLevel"":""info"",""eventName"":""AxiosInterceptedRequest"",""sessionId"":""fddf388a-5f6e-4f60-b773-9c4b506266a9"",""message"":""[\""RequestCV:e14a6b7f-a6b2-4b91-938b-e8780820befd,Url:https://microsoftedge.microsoft.com/addons/getcuratedextensionslist/Edge_Extensions_By_Microsoft?hl=zh-CN&gl=CN&noItems=10&pgNo=1&IncludeExtensionDetailsFields=true\""]""}]"
false,https://microsoftedge.microsoft.com,logs.esw_180,"[{""logTime"":""2022-03-27T05:08:54.760Z"",""logLevel"":""info"",""eventName"":""AxiosInterceptedResponse"",""sessionId"":""fddf388a-5f6e-4f60-b773-9c4b506266a9"",""message"":""[\""ResponseCV:152b9250-f7e8-4bde-b433-a851a3a9c1f1,RequestCV:152b9250-f7e8-4bde-b433-a851a3a9c1f1,Url:https://microsoftedge.microsoft.com/addons/v2/getfilteredsearch?hl=zh-CN&gl=CN&filteredCategories=Edge-Extensions&pgNo=1&Query=rutracker%20%D0%B4%D0%BE%D1%81%D1%82%D1%83%D0%BF\""]""}]"
false,https://microsoftedge.microsoft.com,logs.esw_181,"[{""logTime"":""2022-03-27T05:08:54.764Z"",""logLevel"":""info"",""eventName"":""SetExtensionDetails"",""sessionId"":""fddf388a-5f6e-4f60-b773-9c4b506266a9"",""message"":""[\""Settingdisabledstateforadd-removebutton,InPrivate:N,AddRemoveButtonState:Remove,IsChromeEmpty:N,IsWebstorePrivateEmpty:N\""]""}]"
false,https://microsoftedge.microsoft.com,logs.esw_19,"[{""logTime"":""2022-03-27T05:08:28.408Z"",""logLevel"":""info"",""eventName"":""AxiosInterceptedRequest"",""sessionId"":""fddf388a-5f6e-4f60-b773-9c4b506266a9"",""message"":""[\""RequestCV:39d887ee-253e-4b20-8892-1ebc97e39d77,Url:https://microsoftedge.microsoft.com/addons/getcomputedextensionslist/NewAndRising?hl=zh-CN&gl=CN&noItems=10&pgNo=1&IncludeExtensionDetailsFields=true&category=Edge-Extensions\""]""}]"
false,https://microsoftedge.microsoft.com,logs.esw_2,"[{""logTime"":""2022-03-27T05:08:28.275Z"",""logLevel"":""info"",""eventName"":""InitializeWebApp"",""sessionId"":""fddf388a-5f6e-4f60-b773-9c4b506266a9"",""message"":""[\""****Isincorpnet:False,UserType:****\""]""}]"
false,https://microsoftedge.microsoft.com,logs.esw_20,"[{""logTime"":""2022-03-27T05:08:28.408Z"",""logLevel"":""info"",""eventName"":""AxiosInterceptedRequest"",""sessionId"":""fddf388a-5f6e-4f60-b773-9c4b506266a9"",""message"":""[\""RequestCV:f38b9dcc-84b1-43a4-864f-538f584de6fc,Url:/Assets/Locales/NativeLocales.json\""]""}]"
false,https://microsoftedge.microsoft.com,logs.esw_21,"[{""logTime"":""2022-03-27T05:08:28.408Z"",""logLevel"":""info"",""eventName"":""AxiosInterceptedRequest"",""sessionId"":""fddf388a-5f6e-4f60-b773-9c4b506266a9"",""message"":""[\""RequestCV:0d963ed1-e670-4298-b107-9878cfeb12dc,Url:/Assets/Regions/NativeRegions-zh-CN.json\""]""}]"
false,https://microsoftedge.microsoft.com,logs.esw_22,"[{""logTime"":""2022-03-27T05:08:28.408Z"",""logLevel"":""info"",""eventName"":""AxiosInterceptedRequest"",""sessionId"":""fddf388a-5f6e-4f60-b773-9c4b506266a9"",""message"":""[\""RequestCV:8a25c252-bade-4e2b-86b1-5647908138a2,Url:/Assets/Regions/NativeRegions-en-US.json\""]""}]"
false,https://microsoftedge.microsoft.com,logs.esw_23,"[{""logTime"":""2022-03-27T05:08:28.408Z"",""logLevel"":""info"",""eventName"":""AxiosInterceptedRequest"",""sessionId"":""fddf388a-5f6e-4f60-b773-9c4b506266a9"",""message"":""[\""RequestCV:92e721c9-2441-4a6f-9a63-0aa7f3261c88,Url:https://microsoftedge.microsoft.com/addons/getpromotionextensions?pgNo=1&noItems=24&hl=zh-CN&gl=CN\""]""}]"
false,https://microsoftedge.microsoft.com,logs.esw_24,"[{""logTime"":""2022-03-27T05:08:28.437Z"",""logLevel"":""info"",""eventName"":""AnaheimUserProfileManager"",""sessionId"":""fddf388a-5f6e-4f60-b773-9c4b506266a9"",""message"":""[\""getProfileAsync,userProfile:[objectObject]\""]""}]"
false,https://microsoftedge.microsoft.com,logs.esw_25,"[{""logTime"":""2022-03-27T05:08:28.536Z"",""logLevel"":""info"",""eventName"":""AxiosInterceptedResponse"",""sessionId"":""fddf388a-5f6e-4f60-b773-9c4b506266a9"",""message"":""[\""ResponseCV:f049e442-904a-4df3-ab2d-146398dccc25,RequestCV:f049e442-904a-4df3-ab2d-146398dccc25,Url:https://microsoftedge.microsoft.com/addons/getcuratedextensionslist/EdgeExtensionsRecents?hl=zh-CN&gl=CN&noItems=10&pgNo=1&IncludeExtensionDetailsFields=true\""]""}]"
false,https://microsoftedge.microsoft.com,logs.esw_26,"[{""logTime"":""2022-03-27T05:08:28.537Z"",""logLevel"":""info"",""eventName"":""AxiosInterceptedResponse"",""sessionId"":""fddf388a-5f6e-4f60-b773-9c4b506266a9"",""message"":""[\""ResponseCV:5c631006-1796-44e1-ba8e-dd0f22b6d74d,RequestCV:5c631006-1796-44e1-ba8e-dd0f22b6d74d,Url:https://microsoftedge.microsoft.com/addons/getcomputedextensionslist/MostPopular?hl=zh-CN&gl=CN&noItems=10&pgNo=1&IncludeExtensionDetailsFields=true&category=Edge-Extensions\""]""}]"
false,https://microsoftedge.microsoft.com,logs.esw_27,"[{""logTime"":""2022-03-27T05:08:28.604Z"",""logLevel"":""info"",""eventName"":""AxiosInterceptedResponse"",""sessionId"":""fddf388a-5f6e-4f60-b773-9c4b506266a9"",""message"":""[\""ResponseCV:5fbfd68f-1f48-41ef-be3f-a2f5c8681d95,RequestCV:5fbfd68f-1f48-41ef-be3f-a2f5c8681d95,Url:https://microsoftedge.microsoft.com/addons/getcuratedextensionslist/EdgeExtensionsEditorsPick?hl=zh-CN&gl=CN&noItems=10&pgNo=1&IncludeExtensionDetailsFields=true\""]""}]"
false,https://microsoftedge.microsoft.com,logs.esw_28,"[{""logTime"":""2022-03-27T05:08:28.605Z"",""logLevel"":""info"",""eventName"":""AxiosInterceptedResponse"",""sessionId"":""fddf388a-5f6e-4f60-b773-9c4b506266a9"",""message"":""[\""ResponseCV:fe6e40ac-7317-4821-b804-7d989a5d5b22,RequestCV:fe6e40ac-7317-4821-b804-7d989a5d5b22,Url:/Assets/Strings/en-US/strings.json\""]""}]"
false,https://microsoftedge.microsoft.com,logs.esw_29,"[{""logTime"":""2022-03-27T05:08:28.639Z"",""logLevel"":""info"",""eventName"":""AxiosInterceptedResponse"",""sessionId"":""fddf388a-5f6e-4f60-b773-9c4b506266a9"",""message"":""[\""ResponseCV:667daad7-e246-4ef3-9acf-6fe6dde99b23,RequestCV:667daad7-e246-4ef3-9acf-6fe6dde99b23,Url:/Assets/Strings/zh-CN/strings.json\""]""}]"
false,https://microsoftedge.microsoft.com,logs.esw_3,"[{""logTime"":""2022-03-27T05:08:28.275Z"",""logLevel"":""info"",""eventName"":""InitializeWebApp"",""sessionId"":""fddf388a-5f6e-4f60-b773-9c4b506266a9"",""message"":""[\""****Featureflags:dc,aadc****\""]""}]"
false,https://microsoftedge.microsoft.com,logs.esw_30,"[{""logTime"":""2022-03-27T05:08:28.640Z"",""logLevel"":""debug"",""eventName"":""LocalePickerDialog"",""sessionId"":""fddf388a-5f6e-4f60-b773-9c4b506266a9"",""message"":""[\""Takinglocalestringsfromcache\""]""}]"
false,https://microsoftedge.microsoft.com,logs.esw_31,"[{""logTime"":""2022-03-27T05:08:28.652Z"",""logLevel"":""info"",""eventName"":""AxiosInterceptedResponse"",""sessionId"":""fddf388a-5f6e-4f60-b773-9c4b506266a9"",""message"":""[\""ResponseCV:8a25c252-bade-4e2b-86b1-5647908138a2,RequestCV:8a25c252-bade-4e2b-86b1-5647908138a2,Url:/Assets/Regions/NativeRegions-en-US.json\""]""}]"
false,https://microsoftedge.microsoft.com,logs.esw_32,"[{""logTime"":""2022-03-27T05:08:28.688Z"",""logLevel"":""info"",""eventName"":""AxiosInterceptedResponse"",""sessionId"":""fddf388a-5f6e-4f60-b773-9c4b506266a9"",""message"":""[\""ResponseCV:0d963ed1-e670-4298-b107-9878cfeb12dc,RequestCV:0d963ed1-e670-4298-b107-9878cfeb12dc,Url:/Assets/Regions/NativeRegions-zh-CN.json\""]""}]"
false,https://microsoftedge.microsoft.com,logs.esw_33,"[{""logTime"":""2022-03-27T05:08:28.693Z"",""logLevel"":""info"",""eventName"":""AxiosInterceptedResponse"",""sessionId"":""fddf388a-5f6e-4f60-b773-9c4b506266a9"",""message"":""[\""ResponseCV:39d887ee-253e-4b20-8892-1ebc97e39d77,RequestCV:39d887ee-253e-4b20-8892-1ebc97e39d77,Url:https://microsoftedge.microsoft.com/addons/getcomputedextensionslist/NewAndRising?hl=zh-CN&gl=CN&noItems=10&pgNo=1&IncludeExtensionDetailsFields=true&category=Edge-Extensions\""]""}]"
false,https://microsoftedge.microsoft.com,logs.esw_34,"[{""logTime"":""2022-03-27T05:08:28.700Z"",""logLevel"":""info"",""eventName"":""AxiosInterceptedResponse"",""sessionId"":""fddf388a-5f6e-4f60-b773-9c4b506266a9"",""message"":""[\""ResponseCV:f38b9dcc-84b1-43a4-864f-538f584de6fc,RequestCV:f38b9dcc-84b1-43a4-864f-538f584de6fc,Url:/Assets/Locales/NativeLocales.json\""]""}]"
false,https://microsoftedge.microsoft.com,logs.esw_35,"[{""logTime"":""2022-03-27T05:08:28.704Z"",""logLevel"":""info"",""eventName"":""AxiosInterceptedResponse"",""sessionId"":""fddf388a-5f6e-4f60-b773-9c4b506266a9"",""message"":""[\""ResponseCV:e14a6b7f-a6b2-4b91-938b-e8780820befd,RequestCV:e14a6b7f-a6b2-4b91-938b-e8780820befd,Url:https://microsoftedge.microsoft.com/addons/getcuratedextensionslist/Edge_Extensions_By_Microsoft?hl=zh-CN&gl=CN&noItems=10&pgNo=1&IncludeExtensionDetailsFields=true\""]""}]"
false,https://microsoftedge.microsoft.com,logs.esw_36,"[{""logTime"":""2022-03-27T05:08:28.714Z"",""logLevel"":""info"",""eventName"":""SetExtensionDetails"",""sessionId"":""fddf388a-5f6e-4f60-b773-9c4b506266a9"",""message"":""[\""Settingdisabledstateforadd-removebutton,InPrivate:N,AddRemoveButtonState:Get,IsChromeEmpty:N,IsWebstorePrivateEmpty:N\""]""}]"
false,https://microsoftedge.microsoft.com,logs.esw_37,"[{""logTime"":""2022-03-27T05:08:28.714Z"",""logLevel"":""info"",""eventName"":""SetExtensionDetails"",""sessionId"":""fddf388a-5f6e-4f60-b773-9c4b506266a9"",""message"":""[\""Settingdisabledstateforadd-removebutton,InPrivate:N,AddRemoveButtonState:Get,IsChromeEmpty:N,IsWebstorePrivateEmpty:N\""]""}]"
false,https://microsoftedge.microsoft.com,logs.esw_38,"[{""logTime"":""2022-03-27T05:08:28.714Z"",""logLevel"":""info"",""eventName"":""SetExtensionDetails"",""sessionId"":""fddf388a-5f6e-4f60-b773-9c4b506266a9"",""message"":""[\""Settingdisabledstateforadd-removebutton,InPrivate:N,AddRemoveButtonState:Get,IsChromeEmpty:N,IsWebstorePrivateEmpty:N\""]""}]"
false,https://microsoftedge.microsoft.com,logs.esw_39,"[{""logTime"":""2022-03-27T05:08:28.714Z"",""logLevel"":""info"",""eventName"":""SetExtensionDetails"",""sessionId"":""fddf388a-5f6e-4f60-b773-9c4b506266a9"",""message"":""[\""Settingdisabledstateforadd-removebutton,InPrivate:N,AddRemoveButtonState:Get,IsChromeEmpty:N,IsWebstorePrivateEmpty:N\""]""}]"
false,https://microsoftedge.microsoft.com,logs.esw_4,"[{""logTime"":""2022-03-27T05:08:28.275Z"",""logLevel"":""info"",""eventName"":""InitializeWebApp"",""sessionId"":""fddf388a-5f6e-4f60-b773-9c4b506266a9"",""message"":""[\""****Webappversion:1.1.22.0222.074355****\""]""}]"
false,https://microsoftedge.microsoft.com,logs.esw_40,"[{""logTime"":""2022-03-27T05:08:28.714Z"",""logLevel"":""info"",""eventName"":""SetExtensionDetails"",""sessionId"":""fddf388a-5f6e-4f60-b773-9c4b506266a9"",""message"":""[\""Settingdisabledstateforadd-removebutton,InPrivate:N,AddRemoveButtonState:Get,IsChromeEmpty:N,IsWebstorePrivateEmpty:N\""]""}]"
false,https://microsoftedge.microsoft.com,logs.esw_41,"[{""logTime"":""2022-03-27T05:08:28.714Z"",""logLevel"":""info"",""eventName"":""SetExtensionDetails"",""sessionId"":""fddf388a-5f6e-4f60-b773-9c4b506266a9"",""message"":""[\""Settingdisabledstateforadd-removebutton,InPrivate:N,AddRemoveButtonState:Get,IsChromeEmpty:N,IsWebstorePrivateEmpty:N\""]""}]"
false,https://microsoftedge.microsoft.com,logs.esw_42,"[{""logTime"":""2022-03-27T05:08:28.714Z"",""logLevel"":""info"",""eventName"":""SetExtensionDetails"",""sessionId"":""fddf388a-5f6e-4f60-b773-9c4b506266a9"",""message"":""[\""Settingdisabledstateforadd-removebutton,InPrivate:N,AddRemoveButtonState:Get,IsChromeEmpty:N,IsWebstorePrivateEmpty:N\""]""}]"
false,https://microsoftedge.microsoft.com,logs.esw_43,"[{""logTime"":""2022-03-27T05:08:28.714Z"",""logLevel"":""info"",""eventName"":""SetExtensionDetails"",""sessionId"":""fddf388a-5f6e-4f60-b773-9c4b506266a9"",""message"":""[\""Settingdisabledstateforadd-removebutton,InPrivate:N,AddRemoveButtonState:Get,IsChromeEmpty:N,IsWebstorePrivateEmpty:N\""]""}]"
false,https://microsoftedge.microsoft.com,logs.esw_44,"[{""logTime"":""2022-03-27T05:08:28.714Z"",""logLevel"":""info"",""eventName"":""SetExtensionDetails"",""sessionId"":""fddf388a-5f6e-4f60-b773-9c4b506266a9"",""message"":""[\""Settingdisabledstateforadd-removebutton,InPrivate:N,AddRemoveButtonState:Get,IsChromeEmpty:N,IsWebstorePrivateEmpty:N\""]""}]"
false,https://microsoftedge.microsoft.com,logs.esw_45,"[{""logTime"":""2022-03-27T05:08:28.715Z"",""logLevel"":""info"",""eventName"":""SetExtensionDetails"",""sessionId"":""fddf388a-5f6e-4f60-b773-9c4b506266a9"",""message"":""[\""Settingdisabledstateforadd-removebutton,InPrivate:N,AddRemoveButtonState:Get,IsChromeEmpty:N,IsWebstorePrivateEmpty:N\""]""}]"
false,https://microsoftedge.microsoft.com,logs.esw_46,"[{""logTime"":""2022-03-27T05:08:28.715Z"",""logLevel"":""info"",""eventName"":""SetExtensionDetails"",""sessionId"":""fddf388a-5f6e-4f60-b773-9c4b506266a9"",""message"":""[\""Settingdisabledstateforadd-removebutton,InPrivate:N,AddRemoveButtonState:Get,IsChromeEmpty:N,IsWebstorePrivateEmpty:N\""]""}]"
false,https://microsoftedge.microsoft.com,logs.esw_47,"[{""logTime"":""2022-03-27T05:08:28.715Z"",""logLevel"":""info"",""eventName"":""SetExtensionDetails"",""sessionId"":""fddf388a-5f6e-4f60-b773-9c4b506266a9"",""message"":""[\""Settingdisabledstateforadd-removebutton,InPrivate:N,AddRemoveButtonState:Get,IsChromeEmpty:N,IsWebstorePrivateEmpty:N\""]""}]"
false,https://microsoftedge.microsoft.com,logs.esw_48,"[{""logTime"":""2022-03-27T05:08:28.715Z"",""logLevel"":""info"",""eventName"":""SetExtensionDetails"",""sessionId"":""fddf388a-5f6e-4f60-b773-9c4b506266a9"",""message"":""[\""Settingdisabledstateforadd-removebutton,InPrivate:N,AddRemoveButtonState:Get,IsChromeEmpty:N,IsWebstorePrivateEmpty:N\""]""}]"
false,https://microsoftedge.microsoft.com,logs.esw_49,"[{""logTime"":""2022-03-27T05:08:28.715Z"",""logLevel"":""info"",""eventName"":""SetExtensionDetails"",""sessionId"":""fddf388a-5f6e-4f60-b773-9c4b506266a9"",""message"":""[\""Settingdisabledstateforadd-removebutton,InPrivate:N,AddRemoveButtonState:Get,IsChromeEmpty:N,IsWebstorePrivateEmpty:N\""]""}]"
false,https://microsoftedge.microsoft.com,logs.esw_5,"[{""logTime"":""2022-03-27T05:08:28.372Z"",""logLevel"":""error"",""eventName"":""InvalidPage"",""sessionId"":""fddf388a-5f6e-4f60-b773-9c4b506266a9"",""message"":""[\""InvalidroutepropspassedtoNavigation-barcomponent,matchParams:{}\""]""}]"
false,https://microsoftedge.microsoft.com,logs.esw_50,"[{""logTime"":""2022-03-27T05:08:28.715Z"",""logLevel"":""info"",""eventName"":""SetExtensionDetails"",""sessionId"":""fddf388a-5f6e-4f60-b773-9c4b506266a9"",""message"":""[\""Settingdisabledstateforadd-removebutton,InPrivate:N,AddRemoveButtonState:Get,IsChromeEmpty:N,IsWebstorePrivateEmpty:N\""]""}]"
false,https://microsoftedge.microsoft.com,logs.esw_51,"[{""logTime"":""2022-03-27T05:08:28.715Z"",""logLevel"":""info"",""eventName"":""SetExtensionDetails"",""sessionId"":""fddf388a-5f6e-4f60-b773-9c4b506266a9"",""message"":""[\""Settingdisabledstateforadd-removebutton,InPrivate:N,AddRemoveButtonState:Get,IsChromeEmpty:N,IsWebstorePrivateEmpty:N\""]""}]"
false,https://microsoftedge.microsoft.com,logs.esw_52,"[{""logTime"":""2022-03-27T05:08:28.715Z"",""logLevel"":""info"",""eventName"":""SetExtensionDetails"",""sessionId"":""fddf388a-5f6e-4f60-b773-9c4b506266a9"",""message"":""[\""Settingdisabledstateforadd-removebutton,InPrivate:N,AddRemoveButtonState:Get,IsChromeEmpty:N,IsWebstorePrivateEmpty:N\""]""}]"
false,https://microsoftedge.microsoft.com,logs.esw_53,"[{""logTime"":""2022-03-27T05:08:28.715Z"",""logLevel"":""info"",""eventName"":""SetExtensionDetails"",""sessionId"":""fddf388a-5f6e-4f60-b773-9c4b506266a9"",""message"":""[\""Settingdisabledstateforadd-removebutton,InPrivate:N,AddRemoveButtonState:Get,IsChromeEmpty:N,IsWebstorePrivateEmpty:N\""]""}]"
false,https://microsoftedge.microsoft.com,logs.esw_54,"[{""logTime"":""2022-03-27T05:08:28.816Z"",""logLevel"":""info"",""eventName"":""AxiosInterceptedResponse"",""sessionId"":""fddf388a-5f6e-4f60-b773-9c4b506266a9"",""message"":""[\""ResponseCV:92e721c9-2441-4a6f-9a63-0aa7f3261c88,RequestCV:92e721c9-2441-4a6f-9a63-0aa7f3261c88,Url:https://microsoftedge.microsoft.com/addons/getpromotionextensions?pgNo=1&noItems=24&hl=zh-CN&gl=CN\""]""}]"
false,https://microsoftedge.microsoft.com,logs.esw_55,"[{""logTime"":""2022-03-27T05:08:28.816Z"",""logLevel"":""error"",""eventName"":""PerfTrackerFailure"",""sessionId"":""fddf388a-5f6e-4f60-b773-9c4b506266a9"",""message"":""[\""ErrorwhenloggingmeasureforExtensionStore_ExtensionListLoadTimewithstartMarker:ExtensionStore_ExtensionListLoadStart,endMarker:ExtensionStore_ExtensionListLoadEnd,error:Error:Failedtoexecute'measure'on'Performance':Themark'ExtensionStore_ExtensionListLoadStart'doesnotexist.\\natObject.measure(https://edgestoreweb.azureedge.net/edgestoreweb/js/build-02f6f5e60d207e17966b.js:2:23104)\\natObject.recordLoadComplete(https://edgestoreweb.azureedge.net/edgestoreweb/js/build-02f6f5e60d207e17966b.js:2:118402)\\nathttps://edgestoreweb.azureedge.net/edgestoreweb/js/build-02f6f5e60d207e17966b.js:2:269114\\natGenerator.next(<anonymous>)\\nato(https://edgestoreweb.azureedge.net/edgestoreweb/js/build-02f6f5e60d207e17966b.js:2:260206)\""]""}]"
false,https://microsoftedge.microsoft.com,logs.esw_56,"[{""logTime"":""2022-03-27T05:08:28.828Z"",""logLevel"":""info"",""eventName"":""SetExtensionDetails"",""sessionId"":""fddf388a-5f6e-4f60-b773-9c4b506266a9"",""message"":""[\""Settingdisabledstateforadd-removebutton,InPrivate:N,AddRemoveButtonState:Get,IsChromeEmpty:N,IsWebstorePrivateEmpty:N\""]""}]"
false,https://microsoftedge.microsoft.com,logs.esw_57,"[{""logTime"":""2022-03-27T05:08:28.832Z"",""logLevel"":""info"",""eventName"":""SetExtensionDetails"",""sessionId"":""fddf388a-5f6e-4f60-b773-9c4b506266a9"",""message"":""[\""Settingdisabledstateforadd-removebutton,InPrivate:N,AddRemoveButtonState:Get,IsChromeEmpty:N,IsWebstorePrivateEmpty:N\""]""}]"
false,https://microsoftedge.microsoft.com,logs.esw_58,"[{""logTime"":""2022-03-27T05:08:28.834Z"",""logLevel"":""info"",""eventName"":""SetExtensionDetails"",""sessionId"":""fddf388a-5f6e-4f60-b773-9c4b506266a9"",""message"":""[\""Settingdisabledstateforadd-removebutton,InPrivate:N,AddRemoveButtonState:Get,IsChromeEmpty:N,IsWebstorePrivateEmpty:N\""]""}]"
false,https://microsoftedge.microsoft.com,logs.esw_59,"[{""logTime"":""2022-03-27T05:08:28.836Z"",""logLevel"":""info"",""eventName"":""SetExtensionDetails"",""sessionId"":""fddf388a-5f6e-4f60-b773-9c4b506266a9"",""message"":""[\""Settingdisabledstateforadd-removebutton,InPrivate:N,AddRemoveButtonState:Get,IsChromeEmpty:N,IsWebstorePrivateEmpty:N\""]""}]"
false,https://microsoftedge.microsoft.com,logs.esw_6,"[{""logTime"":""2022-03-27T05:08:28.373Z"",""logLevel"":""debug"",""eventName"":""GetCuratedList"",""sessionId"":""fddf388a-5f6e-4f60-b773-9c4b506266a9"",""message"":""[\""Startedfetchingcomputedlistfor:MostPopular,categoryEdge-Extensionsandpageno:1\""]""}]"
false,https://microsoftedge.microsoft.com,logs.esw_60,"[{""logTime"":""2022-03-27T05:08:28.839Z"",""logLevel"":""info"",""eventName"":""SetExtensionDetails"",""sessionId"":""fddf388a-5f6e-4f60-b773-9c4b506266a9"",""message"":""[\""Settingdisabledstateforadd-removebutton,InPrivate:N,AddRemoveButtonState:Get,IsChromeEmpty:N,IsWebstorePrivateEmpty:N\""]""}]"
false,https://microsoftedge.microsoft.com,logs.esw_61,"[{""logTime"":""2022-03-27T05:08:28.841Z"",""logLevel"":""info"",""eventName"":""SetExtensionDetails"",""sessionId"":""fddf388a-5f6e-4f60-b773-9c4b506266a9"",""message"":""[\""Settingdisabledstateforadd-removebutton,InPrivate:N,AddRemoveButtonState:Get,IsChromeEmpty:N,IsWebstorePrivateEmpty:N\""]""}]"
false,https://microsoftedge.microsoft.com,logs.esw_62,"[{""logTime"":""2022-03-27T05:08:28.842Z"",""logLevel"":""info"",""eventName"":""SetExtensionDetails"",""sessionId"":""fddf388a-5f6e-4f60-b773-9c4b506266a9"",""message"":""[\""Settingdisabledstateforadd-removebutton,InPrivate:N,AddRemoveButtonState:Get,IsChromeEmpty:N,IsWebstorePrivateEmpty:N\""]""}]"
false,https://microsoftedge.microsoft.com,logs.esw_63,"[{""logTime"":""2022-03-27T05:08:28.842Z"",""logLevel"":""info"",""eventName"":""SetExtensionDetails"",""sessionId"":""fddf388a-5f6e-4f60-b773-9c4b506266a9"",""message"":""[\""Settingdisabledstateforadd-removebutton,InPrivate:N,AddRemoveButtonState:Get,IsChromeEmpty:N,IsWebstorePrivateEmpty:N\""]""}]"
false,https://microsoftedge.microsoft.com,logs.esw_64,"[{""logTime"":""2022-03-27T05:08:28.843Z"",""logLevel"":""info"",""eventName"":""SetExtensionDetails"",""sessionId"":""fddf388a-5f6e-4f60-b773-9c4b506266a9"",""message"":""[\""Settingdisabledstateforadd-removebutton,InPrivate:N,AddRemoveButtonState:Get,IsChromeEmpty:N,IsWebstorePrivateEmpty:N\""]""}]"
false,https://microsoftedge.microsoft.com,logs.esw_65,"[{""logTime"":""2022-03-27T05:08:28.844Z"",""logLevel"":""info"",""eventName"":""SetExtensionDetails"",""sessionId"":""fddf388a-5f6e-4f60-b773-9c4b506266a9"",""message"":""[\""Settingdisabledstateforadd-removebutton,InPrivate:N,AddRemoveButtonState:Get,IsChromeEmpty:N,IsWebstorePrivateEmpty:N\""]""}]"
false,https://microsoftedge.microsoft.com,logs.esw_66,"[{""logTime"":""2022-03-27T05:08:29.112Z"",""logLevel"":""error"",""eventName"":""FloodgateFailure"",""sessionId"":""fddf388a-5f6e-4f60-b773-9c4b506266a9"",""message"":""[\""\\\""CommonFloodgateinitializationfailed:{Error:floodgate.initOptions.campaignDefinitionserror:Invalidcampaigndefinitionsatindexes:0}\\\""\""]""}]"
false,https://microsoftedge.microsoft.com,logs.esw_67,"[{""logTime"":""2022-03-27T05:08:29.992Z"",""logLevel"":""debug"",""eventName"":""AutoCompleteRequestTimerStarted"",""sessionId"":""fddf388a-5f6e-4f60-b773-9c4b506266a9"",""message"":""[\""Timerstartedforduration:100\""]""}]"
false,https://microsoftedge.microsoft.com,logs.esw_68,"[{""logTime"":""2022-03-27T05:08:30.102Z"",""logLevel"":""debug"",""eventName"":""AutoCompleteRequestFiring"",""sessionId"":""fddf388a-5f6e-4f60-b773-9c4b506266a9"",""message"":""[\""MakingrequestforsearchText:r\""]""}]"
false,https://microsoftedge.microsoft.com,logs.esw_69,"[{""logTime"":""2022-03-27T05:08:30.102Z"",""logLevel"":""debug"",""eventName"":""GetAutoCompleteOptions"",""sessionId"":""fddf388a-5f6e-4f60-b773-9c4b506266a9"",""message"":""[\""StartedfetchingautosuggestlistforsearchText:r\""]""}]"
false,https://microsoftedge.microsoft.com,logs.esw_7,"[{""logTime"":""2022-03-27T05:08:28.373Z"",""logLevel"":""debug"",""eventName"":""GetCuratedList"",""sessionId"":""fddf388a-5f6e-4f60-b773-9c4b506266a9"",""message"":""[\""Startedfetchingcuratedlistfor:EdgeExtensionsRecentsandpageno:1\""]""}]"
false,https://microsoftedge.microsoft.com,logs.esw_70,"[{""logTime"":""2022-03-27T05:08:30.102Z"",""logLevel"":""info"",""eventName"":""AxiosInterceptedRequest"",""sessionId"":""fddf388a-5f6e-4f60-b773-9c4b506266a9"",""message"":""[\""RequestCV:1063d2bd-63dc-4b97-9aa8-04122c273db2,Url:https://microsoftedge.microsoft.com/edgestorewebautocomplete/v1/search?hl=zh-CN&gl=CN&q=r\""]""}]"
false,https://microsoftedge.microsoft.com,logs.esw_71,"[{""logTime"":""2022-03-27T05:08:30.124Z"",""logLevel"":""debug"",""eventName"":""AutoCompleteRequestCancelled"",""sessionId"":""fddf388a-5f6e-4f60-b773-9c4b506266a9"",""message"":""[\""Usertyped.userEnteredSearchTerm:rsearchText:ru\""]""}]"
false,https://microsoftedge.microsoft.com,logs.esw_72,"[{""logTime"":""2022-03-27T05:08:30.124Z"",""logLevel"":""debug"",""eventName"":""AutoCompleteRequestTimerStarted"",""sessionId"":""fddf388a-5f6e-4f60-b773-9c4b506266a9"",""message"":""[\""Timerstartedforduration:100\""]""}]"
false,https://microsoftedge.microsoft.com,logs.esw_73,"[{""logTime"":""2022-03-27T05:08:30.126Z"",""logLevel"":""debug"",""eventName"":""GetAutoCompleteOptions"",""sessionId"":""fddf388a-5f6e-4f60-b773-9c4b506266a9"",""message"":""[\""ErrorfetchingautocompletelistforsearchText:r,error:Unknownerror\""]""}]"
false,https://microsoftedge.microsoft.com,logs.esw_74,"[{""logTime"":""2022-03-27T05:08:30.225Z"",""logLevel"":""debug"",""eventName"":""AutoCompleteRequestFiring"",""sessionId"":""fddf388a-5f6e-4f60-b773-9c4b506266a9"",""message"":""[\""MakingrequestforsearchText:ru\""]""}]"
false,https://microsoftedge.microsoft.com,logs.esw_75,"[{""logTime"":""2022-03-27T05:08:30.225Z"",""logLevel"":""debug"",""eventName"":""GetAutoCompleteOptions"",""sessionId"":""fddf388a-5f6e-4f60-b773-9c4b506266a9"",""message"":""[\""StartedfetchingautosuggestlistforsearchText:ru\""]""}]"
false,https://microsoftedge.microsoft.com,logs.esw_76,"[{""logTime"":""2022-03-27T05:08:30.225Z"",""logLevel"":""info"",""eventName"":""AxiosInterceptedRequest"",""sessionId"":""fddf388a-5f6e-4f60-b773-9c4b506266a9"",""message"":""[\""RequestCV:d17c5347-5d32-4e5e-bf2a-c0fbb99aeddf,Url:https://microsoftedge.microsoft.com/edgestorewebautocomplete/v1/search?hl=zh-CN&gl=CN&q=ru\""]""}]"
false,https://microsoftedge.microsoft.com,logs.esw_77,"[{""logTime"":""2022-03-27T05:08:30.402Z"",""logLevel"":""info"",""eventName"":""AxiosInterceptedResponse"",""sessionId"":""fddf388a-5f6e-4f60-b773-9c4b506266a9"",""message"":""[\""ResponseCV:undefined,RequestCV:d17c5347-5d32-4e5e-bf2a-c0fbb99aeddf,Url:https://microsoftedge.microsoft.com/edgestorewebautocomplete/v1/search?hl=zh-CN&gl=CN&q=ru\""]""}]"
false,https://microsoftedge.microsoft.com,logs.esw_78,"[{""logTime"":""2022-03-27T05:08:30.402Z"",""logLevel"":""debug"",""eventName"":""GetAutoCompleteOptions"",""sessionId"":""fddf388a-5f6e-4f60-b773-9c4b506266a9"",""message"":""[\""FinishedfetchingautocompletelistforsearchText:ru\""]""}]"
false,https://microsoftedge.microsoft.com,logs.esw_79,"[{""logTime"":""2022-03-27T05:08:30.402Z"",""logLevel"":""debug"",""eventName"":""AutoCompleteRequestCompleted"",""sessionId"":""fddf388a-5f6e-4f60-b773-9c4b506266a9"",""message"":""[\""GotresponseforsearchText:ruwithdata:{\\\""autoCompleteList\\\"":[\\\""rutracker\\\"",\\\""rutracker4>ABC?\\\"",\\\""rutarker\\\"",\\\""rutraker\\\"",\\\""rutrackerorg\\\"",\\\""ru\\\"",\\\""rutracke\\\"",\\\""ruffle\\\""],\\\""autoSuggestExtensionsList\\\"":[]}\""]""}]"
false,https://microsoftedge.microsoft.com,logs.esw_8,"[{""logTime"":""2022-03-27T05:08:28.374Z"",""logLevel"":""debug"",""eventName"":""GetCuratedList"",""sessionId"":""fddf388a-5f6e-4f60-b773-9c4b506266a9"",""message"":""[\""Startedfetchingcuratedlistfor:EdgeExtensionsEditorsPickandpageno:1\""]""}]"
false,https://microsoftedge.microsoft.com,logs.esw_80,"[{""logTime"":""2022-03-27T05:08:30.624Z"",""logLevel"":""debug"",""eventName"":""AutoCompleteRequestTimerStarted"",""sessionId"":""fddf388a-5f6e-4f60-b773-9c4b506266a9"",""message"":""[\""Timerstartedforduration:100\""]""}]"
false,https://microsoftedge.microsoft.com,logs.esw_81,"[{""logTime"":""2022-03-27T05:08:30.737Z"",""logLevel"":""debug"",""eventName"":""AutoCompleteRequestFiring"",""sessionId"":""fddf388a-5f6e-4f60-b773-9c4b506266a9"",""message"":""[\""MakingrequestforsearchText:RÿUÿ\""]""}]"
false,https://microsoftedge.microsoft.com,logs.esw_82,"[{""logTime"":""2022-03-27T05:08:30.737Z"",""logLevel"":""debug"",""eventName"":""GetAutoCompleteOptions"",""sessionId"":""fddf388a-5f6e-4f60-b773-9c4b506266a9"",""message"":""[\""StartedfetchingautosuggestlistforsearchText:RÿUÿ\""]""}]"
false,https://microsoftedge.microsoft.com,logs.esw_83,"[{""logTime"":""2022-03-27T05:08:30.737Z"",""logLevel"":""info"",""eventName"":""AxiosInterceptedRequest"",""sessionId"":""fddf388a-5f6e-4f60-b773-9c4b506266a9"",""message"":""[\""RequestCV:72ec51ed-c27b-4739-941f-fb4056ed8ee1,Url:https://microsoftedge.microsoft.com/edgestorewebautocomplete/v1/search?hl=zh-CN&gl=CN&q=%EF%BD%92%EF%BD%95\""]""}]"
false,https://microsoftedge.microsoft.com,logs.esw_84,"[{""logTime"":""2022-03-27T05:08:30.930Z"",""logLevel"":""info"",""eventName"":""AxiosInterceptedResponse"",""sessionId"":""fddf388a-5f6e-4f60-b773-9c4b506266a9"",""message"":""[\""ResponseCV:undefined,RequestCV:72ec51ed-c27b-4739-941f-fb4056ed8ee1,Url:https://microsoftedge.microsoft.com/edgestorewebautocomplete/v1/search?hl=zh-CN&gl=CN&q=%EF%BD%92%EF%BD%95\""]""}]"
false,https://microsoftedge.microsoft.com,logs.esw_85,"[{""logTime"":""2022-03-27T05:08:30.930Z"",""logLevel"":""debug"",""eventName"":""GetAutoCompleteOptions"",""sessionId"":""fddf388a-5f6e-4f60-b773-9c4b506266a9"",""message"":""[\""FinishedfetchingautocompletelistforsearchText:RÿUÿ\""]""}]"
false,https://microsoftedge.microsoft.com,logs.esw_86,"[{""logTime"":""2022-03-27T05:08:30.930Z"",""logLevel"":""debug"",""eventName"":""AutoCompleteRequestCompleted"",""sessionId"":""fddf388a-5f6e-4f60-b773-9c4b506266a9"",""message"":""[\""GotresponseforsearchText:RÿUÿwithdata:{\\\""autoCompleteList\\\"":[\\\""RÿUÿtracker\\\""],\\\""autoSuggestExtensionsList\\\"":[]}\""]""}]"
false,https://microsoftedge.microsoft.com,logs.esw_87,"[{""logTime"":""2022-03-27T05:08:31.340Z"",""logLevel"":""debug"",""eventName"":""AutoCompleteRequestTimerStarted"",""sessionId"":""fddf388a-5f6e-4f60-b773-9c4b506266a9"",""message"":""[\""Timerstartedforduration:100\""]""}]"
false,https://microsoftedge.microsoft.com,logs.esw_88,"[{""logTime"":""2022-03-27T05:08:31.446Z"",""logLevel"":""debug"",""eventName"":""AutoCompleteRequestFiring"",""sessionId"":""fddf388a-5f6e-4f60-b773-9c4b506266a9"",""message"":""[\""MakingrequestforsearchText:RÿUÿTÿ\""]""}]"
false,https://microsoftedge.microsoft.com,logs.esw_89,"[{""logTime"":""2022-03-27T05:08:31.447Z"",""logLevel"":""debug"",""eventName"":""GetAutoCompleteOptions"",""sessionId"":""fddf388a-5f6e-4f60-b773-9c4b506266a9"",""message"":""[\""StartedfetchingautosuggestlistforsearchText:RÿUÿTÿ\""]""}]"
false,https://microsoftedge.microsoft.com,logs.esw_9,"[{""logTime"":""2022-03-27T05:08:28.374Z"",""logLevel"":""debug"",""eventName"":""GetCuratedList"",""sessionId"":""fddf388a-5f6e-4f60-b773-9c4b506266a9"",""message"":""[\""Startedfetchingcuratedlistfor:Edge_Extensions_By_Microsoftandpageno:1\""]""}]"
false,https://microsoftedge.microsoft.com,logs.esw_90,"[{""logTime"":""2022-03-27T05:08:31.447Z"",""logLevel"":""info"",""eventName"":""AxiosInterceptedRequest"",""sessionId"":""fddf388a-5f6e-4f60-b773-9c4b506266a9"",""message"":""[\""RequestCV:c5d7caf9-e260-4295-929a-b1502fa27c1d,Url:https://microsoftedge.microsoft.com/edgestorewebautocomplete/v1/search?hl=zh-CN&gl=CN&q=%EF%BD%92%EF%BD%95%EF%BD%94\""]""}]"
false,https://microsoftedge.microsoft.com,logs.esw_91,"[{""logTime"":""2022-03-27T05:08:31.623Z"",""logLevel"":""info"",""eventName"":""AxiosInterceptedResponse"",""sessionId"":""fddf388a-5f6e-4f60-b773-9c4b506266a9"",""message"":""[\""ResponseCV:undefined,RequestCV:c5d7caf9-e260-4295-929a-b1502fa27c1d,Url:https://microsoftedge.microsoft.com/edgestorewebautocomplete/v1/search?hl=zh-CN&gl=CN&q=%EF%BD%92%EF%BD%95%EF%BD%94\""]""}]"
false,https://microsoftedge.microsoft.com,logs.esw_92,"[{""logTime"":""2022-03-27T05:08:31.623Z"",""logLevel"":""debug"",""eventName"":""GetAutoCompleteOptions"",""sessionId"":""fddf388a-5f6e-4f60-b773-9c4b506266a9"",""message"":""[\""FinishedfetchingautocompletelistforsearchText:RÿUÿTÿ\""]""}]"
false,https://microsoftedge.microsoft.com,logs.esw_93,"[{""logTime"":""2022-03-27T05:08:31.623Z"",""logLevel"":""debug"",""eventName"":""AutoCompleteRequestCompleted"",""sessionId"":""fddf388a-5f6e-4f60-b773-9c4b506266a9"",""message"":""[\""GotresponseforsearchText:RÿUÿTÿwithdata:{\\\""autoCompleteList\\\"":[],\\\""autoSuggestExtensionsList\\\"":[]}\""]""}]"
false,https://microsoftedge.microsoft.com,logs.esw_94,"[{""logTime"":""2022-03-27T05:08:31.779Z"",""logLevel"":""debug"",""eventName"":""AutoCompleteRequestTimerStarted"",""sessionId"":""fddf388a-5f6e-4f60-b773-9c4b506266a9"",""message"":""[\""Timerstartedforduration:100\""]""}]"
false,https://microsoftedge.microsoft.com,logs.esw_95,"[{""logTime"":""2022-03-27T05:08:31.885Z"",""logLevel"":""debug"",""eventName"":""AutoCompleteRequestFiring"",""sessionId"":""fddf388a-5f6e-4f60-b773-9c4b506266a9"",""message"":""[\""MakingrequestforsearchText:RÿUÿTÿRÿ\""]""}]"
false,https://microsoftedge.microsoft.com,logs.esw_96,"[{""logTime"":""2022-03-27T05:08:31.885Z"",""logLevel"":""debug"",""eventName"":""GetAutoCompleteOptions"",""sessionId"":""fddf388a-5f6e-4f60-b773-9c4b506266a9"",""message"":""[\""StartedfetchingautosuggestlistforsearchText:RÿUÿTÿRÿ\""]""}]"
false,https://microsoftedge.microsoft.com,logs.esw_97,"[{""logTime"":""2022-03-27T05:08:31.885Z"",""logLevel"":""info"",""eventName"":""AxiosInterceptedRequest"",""sessionId"":""fddf388a-5f6e-4f60-b773-9c4b506266a9"",""message"":""[\""RequestCV:eae773af-d665-4d89-b8fd-4e65f2105754,Url:https://microsoftedge.microsoft.com/edgestorewebautocomplete/v1/search?hl=zh-CN&gl=CN&q=%EF%BD%92%EF%BD%95%EF%BD%94%EF%BD%92\""]""}]"
false,https://microsoftedge.microsoft.com,logs.esw_98,"[{""logTime"":""2022-03-27T05:08:32.071Z"",""logLevel"":""info"",""eventName"":""AxiosInterceptedResponse"",""sessionId"":""fddf388a-5f6e-4f60-b773-9c4b506266a9"",""message"":""[\""ResponseCV:undefined,RequestCV:eae773af-d665-4d89-b8fd-4e65f2105754,Url:https://microsoftedge.microsoft.com/edgestorewebautocomplete/v1/search?hl=zh-CN&gl=CN&q=%EF%BD%92%EF%BD%95%EF%BD%94%EF%BD%92\""]""}]"
false,https://microsoftedge.microsoft.com,logs.esw_99,"[{""logTime"":""2022-03-27T05:08:32.071Z"",""logLevel"":""debug"",""eventName"":""GetAutoCompleteOptions"",""sessionId"":""fddf388a-5f6e-4f60-b773-9c4b506266a9"",""message"":""[\""FinishedfetchingautocompletelistforsearchText:RÿUÿTÿRÿ\""]""}]"
false,https://microsoftedge.microsoft.com,logs.esw_rear_cursor,[182]
false,https://microsoftedge.microsoft.com,obf-CampaignDefinitions,"[[{""AdditionalDataRequested"":[""EmailAddress""],""CampaignId"":""b23e9152-243a-4cea-ac5d-2ef10a3bf361"",""LauncherType"":""MyLauncher"",""StartTimeUtc"":""2020-09-15T00:00:00Z"",""EndTimeUtc"":null,""GovernedChannelType"":0,""Scope"":{""Type"":1,""Languages"":[{""Type"":0,""Value"":""en-US""},{""Type"":0,""Value"":""ja-JP""},{""Type"":0,""Value"":""zh-CN""},{""Type"":0,""Value"":""zh-TW""}]},""NominationScheme"":{""Type"":0,""PercentageNumerator"":20,""PercentageDenominator"":100,""NominationPeriod"":{""Type"":0,""IntervalSeconds"":604800},""CooldownPeriod"":{""Type"":0,""IntervalSeconds"":3888000}},""SurveyTemplate"":{""Type"":4,""Content"":{""Prompt"":{},""Rating"":{""isZeroBased"":true,""RatingValuesAscending"":[null,null,null,null,null]},""Question"":{}},""ActivationEvent"":{""Type"":0,""Activity"":""NPSSurveyEvent"",""Count"":1,""IsAggregate"":true}}}]]"
false,https://microsoftedge.microsoft.com,obf-GovernedChannelStates,"[{""ChannelStates"":[{""ChannelType"":0,""CooldownStartTimeUtc"":""2020-09-01T00:00:00Z""},{""ChannelType"":1,""CooldownStartTimeUtc"":""2020-09-01T00:00:00Z""}]}]"
false,https://ntp.msn.cn,DBRB_TMPL,[1]
false,https://ntp.msn.cn,DefaultFeedPolicy,"[{""contentSource"":0,""isEnforced"":false}]"
false,https://ntp.msn.cn,bkgdV,"[{""cachedVideoId"":-1,""lastUpdatedTime"":1650878225085,""schedule"":[-1,28,-1,25,-1,12,-1],""scheduleFixed"":[-1,28,-1,25,-1,12,-1]}]"
false,https://ntp.msn.cn,bkgdVideo,"[{""cachedVideoId"":-1,""lastUpdatedTime"":1639194478002,""schedule"":[0,-1,-1,-1,19,10,-1],""scheduleFixed"":[0,-1,-1,-1,19,10,-1]}]"
false,https://ntp.msn.cn,breakingNewsDismissed,[{}]
false,https://ntp.msn.cn,config_hash_adult_zh_cn_dhp_edgeChromium,"[{""bundleHash"":""1283077ac88609915b24fbab1214d906"",""configHash"":""31eae1be29d67089aa89bdfc24150733"",""locHash"":""f97efab6e23a547828bd092aaab32f6f""}]"
false,https://ntp.msn.cn,config_hash_adult_zh_cn_ntp_edgeChromium,"[{""bundleHash"":""1283077ac88609915b24fbab1214d906"",""configHash"":""31eae1be29d67089aa89bdfc24150733"",""locHash"":""f97efab6e23a547828bd092aaab32f6f""}]"
false,https://ntp.msn.cn,ntpURL,[?locale=zh-CN&title=%E6%96%B0%E5%BB%BA%E6%A0%87%E7%AD%BE%E9%A1%B5&dsp=1&sp=%E5%BF%85%E5%BA%94&prerender=1]
false,https://ntp.msn.cn,pageVersions,"[{""dhp"":""20220422.326"",""ntp"":""20220422.326""}]"
false,https://ntp.msn.cn,prgflights,"[prg-1sw-3dcrsl2,prg-1sw-accu10c,prg-1sw-acmng,prg-1sw-acrlt,prg-1sw-gevte,prg-1sw-grevtt,prg-1sw-hdukr,prg-1sw-mend,prg-1sw-ms-cloud,prg-1sw-mscloudn,prg-1sw-nen3di,prg-1sw-newsskip,prg-1sw-p1feat12ctl,prg-1sw-psfy21,prg-1sw-rih-revampc,prg-1sw-rotalerttxtc,prg-1sw-sp5mats,prg-1sw-splog,prg-1sw-testcomp,prg-1sw-wxatl2,prg-1sw-wxtshmdt,prg-1sw-wxtsvis,prg-adspeek,prg-ampcache,prg-brkn-hide,prg-cidb-c,prg-ctr-pnpc,prg-dp-cb,prg-dp-cc,prg-dp-cccb,prg-edbr-srtoen,prg-ent-dynrank,prg-entcomp-c,prg-entp-bannerc,prg-favor-expc,prg-ias,prg-intapperr,prg-ms-cloud,prg-newpc-ctrl,prg-prmt-crtdv2,prg-prodicon1-t,prg-rm-legttvr,prg-rs-imgcl,prg-serv-beacct,prg-supercontrol,prg-translvfeed1,prg-upsaip-w1-t,prg-wf-sky-re,prg-win-arg-c,prg-wpo-ampc,prg-wpo-atfad4,prg-wpo-clctrl,prg-wpo-stopwpocrs,prg-wtch-u4r1]"
false,https://ntp.msn.cn,sai_dhp,"[{""id"":""2A96A2568F464AF9BD8A0D58ACF81924"",""ts"":1649660697000}]"
false,https://ntp.msn.cn,sai_ntp,"[{""id"":""09D6B96350594CD79E9878776A9D34BA"",""ts"":1650878276000}]"
false,https://ntp.msn.cn,tsDragDropUnpin,[{}]
false,https://ntp.msn.cn,weaMUIDs,"[[""m-2103D58928CB6B812F48C56729886A7C"",""m-1CA533E55B76660F20B5230B5F766460""]]"
false,https://ntp.msn.cn,weaRecentLocation,"[[{""latitude"":""31.2317"",""longitude"":""121.484"",""isDetected"":true,""locality"":""Äfm:S"",""region"":""
Nwm^"",""country"":""-NNSºNlqQTýV"",""isoCode"":""CN"",""language"":""zh-cn"",""displayName"":""
Nwm^,Äfm:S""}]]"
false,https://ntp.msn.cn,wpo_data_ adult_zh_cn_dhp_edgeChromium,"[{""treatments"":[{""id"":""prg-wpo-tsclpinf"",""properties"":{""topSitesCollapsibleControlConfig"":{""collapsibleControlIsDefaultCollapsed"":true,""showCollapsibleControl"":true,""collapseForDefaultInformational"":true}},""type"":""topsites"",""tmpl"":""WPOExperience:prg-wpo-tsclpinf;WPOShadow:prg-wpo-tsclpinf""},{""id"":""prg-wpo-infsct"",""properties"":{""layoutRecommended"":""informational"",""renderSingleColumn"":true,""tmpl"":""prg-wpo-infsc"",""isControl"":false,""layoutType"":""PageContentLayout""},""type"":""layoutPromotion""}],""dddTmplHeaderValue"":""WPOExperience:prg-wpo-tsclpinf;WPOShadow:prg-wpo-tsclpinf:1;""}]"
false,https://ntp.msn.cn,wpo_data_ adult_zh_cn_ntp_edgeChromium,"[{""treatments"":[{""id"":""prg-wpo-tsclpinf"",""properties"":{""topSitesCollapsibleControlConfig"":{""collapsibleControlIsDefaultCollapsed"":true,""showCollapsibleControl"":true,""collapseForDefaultInformational"":true}},""type"":""topsites"",""tmpl"":""WPOExperience:prg-wpo-tsclpinf;WPOShadow:prg-wpo-tsclpinf""},{""id"":""prg-wpo-infsct"",""properties"":{""layoutRecommended"":""informational"",""renderSingleColumn"":true,""tmpl"":""prg-wpo-infsc"",""isControl"":false,""layoutType"":""PageContentLayout""},""type"":""layoutPromotion""}],""dddTmplHeaderValue"":""WPOExperience:prg-wpo-tsclpinf;WPOShadow:prg-wpo-tsclpinf:1;""}]"
false,https://rutracker.org,_ym3_reqNum,[3]
false,https://rutracker.org,_ym55725919_il,"[""EldenRing-DeluxeEdition[L][RUS+ENG+12/ENG](2022)(1.03.2)[Steam-Rip]""]"
false,https://rutracker.org,_ym55725919_lastHit,[1648828674541]
false,https://rutracker.org,_ym55725919_reqNum,[29]
false,https://rutracker.org,_ym_cc,"[""8785917681648357000&27480002""]"
false,https://rutracker.org,_ym_retryReqs,[{}]
false,https://rutracker.org,_ym_synced,"[{""mc.webvisor.org"":27479042}]"
false,https://rutracker.org,_ym_wasSynced,"[{""time"":1648800178876,""params"":{""sbp"":{""a"":""JyJDSZfwdtO52cCr2YhwiJltUUtd+5di4/meLvbtVxo="",""b"":""Y+Et58cyx9H9NJm29CemNYWa/ALjMqLxe8qCyBkG9ts=""},""eu"":0,""cf"":1},""bkParams"":{}}]"
false,https://shell.virbox.com,Hm_lvt_8d512c77397be698f13958f67c8d8870,[1678959579520|1647423575]
false,https://shell.virbox.com,Hm_lvt_fcc6eb25a0f9c6809c20f2818d4881d2,[1678959579506|1647423575]
false,https://shell.virbox.com,UDESK_first_access,[]
false,https://shell.virbox.com,UDESK_first_url,[https://shell.virbox.com/]
false,https://shell.virbox.com,UDESK_on_force_chat,[]
false,https://shell.virbox.com,UDESK_on_go_chat,[]
false,https://shell.virbox.com,UDESK_userkey,[d08679cf-cfc3-4330-b1a6-626e7ae84783]
false,https://shell.virbox.com,debug,[undefined]
false,https://www.google.cn,macProcessor,[null]
false,https://www.google.cn,osmode,[0]
false,https://www.msn.cn,config_hash_adult_zh_cn_windowshp_windows,"[{""bundleHash"":""84559d43766980a5baa63702bfd59b5a"",""configHash"":""06310a9e230b2d05d28e1bccab9555ee"",""locHash"":""d8cf87c403dcecf8ea9a672f81f95071""}]"
false,https://www.msn.cn,pageVersions,"[{""windowshp"":""20220118.102""}]"
false,https://www.msn.cn,prgflights,"[1s-bing-news,1s-br30min,1s-br30mincn,1s-ffw-rankcc,1s-pagesegservice,1s-remotecompact,1s-winauthservice,1s-winsegservice,prg-12gaplinf,prg-1sw-aqihalf,prg-1sw-clctrl,prg-1sw-cntaskbar,prg-1sw-disprt,prg-1sw-disprtr,prg-1sw-fbship,prg-1sw-mnot,prg-1sw-n-api1,prg-1sw-sm0sec,prg-1sw-spct3,prg-1sw-traffic,prg-1sw-wosa-t,prg-1sw-wosauth,prg-adspeek,prg-anaheimsb,prg-anon-osauth,prg-area-traffic,prg-cn-tt,prg-cntrafficcard,prg-errtr3,prg-esxboxt,prg-hp-tpstribbon,prg-ias,prg-osanon3-t,prg-pcsmarket-t,prg-pillcf3m,prg-prmt-crtd1,prg-sun-rise-c,prg-wea-unit,prg-wf-v3-tips,prg-wpo-entdense-t1,prg-wpo-infn7tc,prg-wx-b2top]"
