Title,Url,VisitCount,LastVisitTime
123 · 王二蛋/gay - Gitee.com,https://gitee.com/Yanex-gay/gay/blob/master/123,22,2022-03-19T06:41:03.553086+08:00
我的工作台 - Gitee.com,https://gitee.com/login,12,2022-03-19T05:29:33.838022+08:00
gay: gay,https://gitee.com/Yanex-gay/gay,12,2022-03-19T05:30:43.079255+08:00
你所访问的页面不存在 (404),https://gitee.com/Yanex-gay/gay/blob/master/fuck%20you,10,2022-03-18T10:44:55.036326+08:00
我的工作台 - Gitee.com,https://gitee.com/,9,2022-03-19T05:29:33.838022+08:00
advert edge,https://www.dark-proxy.ru/donate-edge-rutracker.html,6,2022-04-01T08:04:13.204045+08:00
123 · 编辑文件 · 王二蛋/gay - Gitee.com,https://gitee.com/Yanex-gay/gay/edit/master/123,6,2022-03-19T05:32:57.552738+08:00
RuTracker.org,https://www.dark-proxy.ru/edge-knopka-rutracker.html,5,2022-04-01T08:04:13.209613+08:00
RuTracker.org,https://rutracker.org/forum/index.php,5,2022-04-01T08:04:20.668131+08:00
提交 · 王二蛋/gay - Gitee.com,https://gitee.com/Yanex-gay/gay/commits/master/123,4,2022-03-18T12:33:04.749887+08:00
fuck you · 编辑文件 · 王二蛋/gay - Gitee.com,https://gitee.com/Yanex-gay/gay/edit/master/fuck%20you,4,2022-03-18T10:44:50.642996+08:00
,https://gitee.com/Yanex-gay/gay/raw/master/123,4,2022-03-18T12:33:08.125444+08:00
Elden Ring - 豪华版 [升] [俄罗斯 + ENG + 12 / ENG] （2022） （1.03.2） [蒸汽撕裂] ：： RuTracker.org,https://rutracker.org/forum/viewtopic.php?t=6183826,3,2022-04-01T15:57:36.272291+08:00
Microsoft Edge,https://microsoftedgewelcome.microsoft.com/zh-cn/update/99?channel=stable&version=99.0.1150.39&form=MT0067,3,2022-03-13T05:08:17.671403+08:00
advert edge,https://advert.dark-proxy.ru/edge-advert.html,3,2022-04-01T08:04:14.187334+08:00
我的工作台 - Gitee.com,https://gitee.com/Yanex-gay/dashboard/projects,3,2022-03-19T05:29:37.5499+08:00
Noble.online,http://www.nobleclient.site/,3,2022-03-23T10:06:28.210909+08:00
如何在 windows 中获取帮助 - 搜索,https://go.microsoft.com/fwlink/?LinkId=528882,2,2022-01-25T12:36:37.65268+08:00
gay: gay - Gitee.com,https://gitee.com/Yanex-gay/gay/tree/master,2,2022-03-19T05:28:16.115988+08:00
Microsoft Edge 加载项 - rutracker доступ,https://microsoftedge.microsoft.com/addons/search/rutracker%20%D0%B4%D0%BE%D1%81%D1%82%D1%83%D0%BF?hl=zh-CN,2,2022-03-27T05:08:54.54751+08:00
,https://gitee.com/Yanex-gay/gay/raw/master/fuck%20you,2,2022-03-18T11:31:17.340833+08:00
RuTracker.org,https://rutracker.org/forum/index.php?c=38,2,2022-03-27T05:10:17.107886+08:00
Игры для Windows [стр. 1] :: Игры :: RuTracker.org,https://rutracker.org/forum/viewforum.php?f=5,2,2022-04-01T08:06:38.655776+08:00
monit,https://www.safestgatetocontent.com/nprrrjzc?key=a969ca5c9ad2611762f11b79a526e2d2&submetric=17042182,2,2022-03-28T13:09:38.432815+08:00
Горячие Новинки [стр. 1] :: Игры :: RuTracker.org,https://rutracker.org/forum/viewforum.php?f=635,2,2022-04-01T08:06:57.098201+08:00
LOSERawa/王铁蛋的男同聚会,https://gitee.com/loserawa/bastards-gay-party,2,2022-03-18T10:14:11.716472+08:00
gay: gay - Gitee.com,https://gitee.com/Yanex-gay/gay/blob/master,1,2022-03-19T05:28:15.640777+08:00
gitee - 搜索,https://cn.bing.com/search?q=gitee&cvid=cd65acb618fa4e60bc652f8401a07c67&aqs=edge.0.69i59i450l2.105494466j0j1&FORM=ANSPA1&PC=U531,1,2022-03-18T10:12:09.722533+08:00
我的工作台 - Gitee.com,https://gitee.com/loserawa/dashboard/projects,1,2022-03-18T10:14:09.218152+08:00
gitee - 搜索,https://www.bing.com/search?q=gitee&cvid=cd65acb618fa4e60bc652f8401a07c67&aqs=edge.0.69i59i450l2.105494466j0j1&FORM=ANSPA1&PC=U531,1,2022-03-18T10:12:09.722533+08:00
fuckmeplz · LOSERawa/王铁蛋的男同聚会 - 码云 - 开源中国,https://gitee.com/loserawa/bastards-gay-party/blob/master/fuckmeplz,1,2022-03-18T10:14:13.166217+08:00
,https://gitee.com/loserawa/bastards-gay-party/raw/master/fuckmeplz,1,2022-03-18T10:14:23.749096+08:00
Microsoft Edge,https://microsoftedgewelcome.microsoft.com/zh-cn/update/99?channel=stable&version=99.0.1150.39,1,2022-03-13T05:08:16.822649+08:00
新建文件 · 王二蛋/gay - Gitee.com,https://gitee.com/Yanex-gay/gay/new/master,1,2022-03-18T11:31:30.042021+08:00
gitee - 搜索,https://cn.bing.com/search?q=gitee&cvid=31cb5bc467bf493a9a8d9256f70a39cc&aqs=edge.0.0l9.2999j0j1&pglt=43&FORM=ANSPA1&PC=U531,1,2022-03-17T10:08:23.056045+08:00
gitee - 搜索,https://www.bing.com/search?q=gitee&cvid=31cb5bc467bf493a9a8d9256f70a39cc&aqs=edge.0.0l9.2999j0j1&pglt=43&FORM=ANSPA1&PC=U531,1,2022-03-17T10:08:23.056045+08:00
fuckmeplz · 编辑文件 · LOSERawa/王铁蛋的男同聚会 - Gitee.com,https://gitee.com/loserawa/bastards-gay-party/edit/master/fuckmeplz,1,2022-03-18T11:54:42.088468+08:00
王二蛋 (Yanex-gay) - Gitee.com,https://gitee.com/Yanex-gay,1,2022-03-18T11:54:49.449364+08:00
仓库 - 王二蛋 (Yanex-gay) - Gitee.com,https://gitee.com/Yanex-gay/projects,1,2022-03-18T11:54:51.011675+08:00
Virbox Protector下载-Virbox Protector试用版及正式版下载-Virbox Protector,https://shell.virbox.com/down.html,1,2022-03-16T09:39:39.293257+08:00
Virbox Protector官网-代码加密/混淆/虚拟化-全平台保护的加壳工具,https://shell.virbox.com/,1,2022-03-16T09:39:34.461543+08:00
add 123. · f6c3d92 · 王二蛋/gay - Gitee.com,https://gitee.com/Yanex-gay/gay/commit/f6c3d929b202d2e9fe5e36d5964b01966443ba85,1,2022-03-18T12:32:21.706175+08:00
update 123. · 3f4c9d5 · 王二蛋/gay - Gitee.com,https://gitee.com/Yanex-gay/gay/commit/3f4c9d523d08850b56f5f47dede4db371e7cf059,1,2022-03-18T12:32:25.689631+08:00
Virbox Protector官网-代码加密/混淆/虚拟化-全平台保护的加壳工具,http://shell.virbox.com/,1,2022-03-16T09:39:34.461543+08:00
voidtools,https://www.voidtools.com/zh-cn/,1,2022-03-16T09:34:38.656452+08:00
LOSERawa (loserawa) - Gitee.com,https://gitee.com/loserawa,1,2022-03-19T05:28:39.725493+08:00
仓库设置 · 王二蛋/gay - Gitee.com,https://gitee.com/Yanex-gay/gay/settings,1,2022-03-19T05:29:41.259335+08:00
仓库设置 · 王二蛋/gay - Gitee.com,https://gitee.com/Yanex-gay/gay/settings#index,1,2022-03-19T05:29:41.479515+08:00
everything - 搜索,https://cn.bing.com/search?q=everything&cvid=757f3d52f0ac448da17f69abfecd2716&aqs=edge.0.0l9.2535j0j1&pglt=43&FORM=ANSPA1&PC=U531,1,2022-03-16T09:34:35.833273+08:00
小麦支付,http://zf.gta5xm.cn/,1,2022-03-23T10:07:06.535742+08:00
,http://wpa.qq.com/msgrd?v=3&uin=204737171&site=qq&menu=yes,1,2022-03-23T10:04:28.235231+08:00
,https://wpa.qq.com/msgrd?v=3&uin=204737171&site=qq&menu=yes,1,2022-03-23T10:04:28.235231+08:00
,http://wpa.qq.com/msgrd?v=3&uin=1511936608&site=qq&menu=yes,1,2022-03-23T10:06:27.988272+08:00
,https://wpa.qq.com/msgrd?v=3&uin=1511936608&site=qq&menu=yes,1,2022-03-23T10:06:27.988272+08:00
Microsoft Edge Addons,https://microsoftedge.microsoft.com/addons?hl=zh-CN,1,2022-03-27T05:08:27.25021+08:00
Microsoft Edge 加载项,https://microsoftedge.microsoft.com/addons/Microsoft-Edge-Extensions-Home?hl=zh-CN,1,2022-03-27T05:08:28.317382+08:00
everything - 搜索,https://www.bing.com/search?q=everything&cvid=757f3d52f0ac448da17f69abfecd2716&aqs=edge.0.0l9.2535j0j1&pglt=43&FORM=ANSPA1&PC=U531,1,2022-03-16T09:34:35.833273+08:00
Microsoft Edge,https://microsoftedgewelcome.microsoft.com/zh-cn/update?channel=stable&version=99.0.1150.39,1,2022-03-13T05:08:16.822649+08:00
RuTracker.org,https://www.dark-proxy.ru/edge-on.html,1,2022-03-27T05:08:43.551944+08:00
Разблокировать Рутрекер / Rutracker - Microsoft Edge Addons,https://microsoftedge.microsoft.com/addons/detail/%D1%80%D0%B0%D0%B7%D0%B1%D0%BB%D0%BE%D0%BA%D0%B8%D1%80%D0%BE%D0%B2%D0%B0%D1%82%D1%8C-%D1%80%D1%83%D1%82%D1%80%D0%B5%D0%BA%D0%B5%D1%80-/lhpldjemmjahpokjediaopipffngnnie?hl=zh-CN,1,2022-03-27T05:08:51.881459+08:00
Microsoft Edge,https://microsoftedgewelcome.microsoft.com/update?channel=stable&version=99.0.1150.39,1,2022-03-13T05:08:16.822649+08:00
Microsoft Edge,https://go.microsoft.com/fwlink/?linkid=2140622&channel=stable&version=99.0.1150.39,1,2022-03-13T05:08:16.822649+08:00
,file:///E:/%E7%BD%91%E7%AB%99/fonts/icomoon/icomoon.svg,1,2022-03-13T05:08:14.951906+08:00
RuTracker.org,https://rutracker.org/forum/index.php?c=19,1,2022-03-27T05:09:26.298112+08:00
控制面板 - 搜索,https://cn.bing.com/search?q=%E6%8E%A7%E5%88%B6%E9%9D%A2%E6%9D%BF&form=WNSGPH&qs=SC&cvid=128cfc3e026c4b0197cd75d92e5503e4&pq=%E7%BD%91%E9%A1%B5%3A+kz&cc=GB&setlang=zh-Hans-CN&nclid=FEC0343FC7D351F26BF11741E5784E72&ts=1643465435423&wsso=Moderate,1,2022-01-29T14:10:37.374325+08:00
IKVM.NET_TheoGo的博客-CSDN博客,https://blog.csdn.net/theogo/article/details/50444779,1,2022-04-25T09:17:42.283826+08:00
控制面板 - 搜索,https://cn.bing.com/search?q=%E6%8E%A7%E5%88%B6%E9%9D%A2%E6%9D%BF&form=WNSGPH&qs=SC&cvid=128cfc3e026c4b0197cd75d92e5503e4&pq=%E7%BD%91%E9%A1%B5%3A+kz&cc=GB&setlang=zh-Hans-CN&nclid=FEC0343FC7D351F26BF11741E5784E72&ts=1643465435423&nclidts=1643465435&tsms=423&wsso=Moderate,1,2022-01-29T14:10:36.728358+08:00
.torrent - 搜索,https://www.bing.com/search?q=.torrent&cvid=1b3f9eb8b7a548fabdedf720c75d77c0&aqs=edge..69i57j0l8.496j0j1&pglt=43&FORM=ANNTA1&PC=U531,1,2022-03-27T05:11:50.149088+08:00
.torrent - 搜索,https://cn.bing.com/search?q=.torrent&cvid=1b3f9eb8b7a548fabdedf720c75d77c0&aqs=edge..69i57j0l8.496j0j1&pglt=43&FORM=ANNTA1&PC=U531,1,2022-03-27T05:11:50.149088+08:00
μTorrent （uTorrent） |一个非常微小的比特客户端,https://www.utorrent.com/,1,2022-03-27T05:11:52.010115+08:00
µTorrent (uTorrent) Web | The #1 Web Torrent Client for Easy Torrent Downloads,https://www.utorrent.com/web/compare/,1,2022-03-27T05:11:54.152053+08:00
Thank you for Downloading µTorrent (uTorrent),https://www.utorrent.com/web/downloads/complete/track/stable/os/win/,1,2022-03-27T05:11:58.511491+08:00
控制面板 - 搜索,https://www.bing.com/search?q=%e6%8e%a7%e5%88%b6%e9%9d%a2%e6%9d%bf&form=WNSGPH&qs=SC&cvid=128cfc3e026c4b0197cd75d92e5503e4&pq=%E7%BD%91%E9%A1%B5%3A+kz&cc=GB&setlang=zh-Hans-CN&nclid=FEC0343FC7D351F26BF11741E5784E72&ts=1643465435423&nclidts=1643465435&tsms=423&wsso=Moderate,1,2022-01-29T14:10:36.728358+08:00
,https://www.safestgatetocontent.com/nprrrjzc?shu=d513cec4fe1455bcc8e8ccf037ecbbb7976e195ca1110470315555bf830d1452084b6f697509b0dae9b012b0cd6acf21179a123fdedcc4ad7030805caad0b8e9983b08629bf3de8164b613981d9c15534a849510&pst=1648473038&rmtc=t&uuid=&pii=true&in=false&key=097b5401f2f78b7944081df740faab5d&refer=https%3A%2F%2Fwww.dark-proxy.ru%2F,1,2022-03-28T13:09:40.28195+08:00
,https://www.jiandanjiasu1.com/tg.php?id=ass&qd=30,1,2022-03-28T13:09:40.28195+08:00
如何在 windows 中获取帮助 - 搜索,https://cn.bing.com/search?q=%E5%A6%82%E4%BD%95%E5%9C%A8+windows+%E4%B8%AD%E8%8E%B7%E5%8F%96%E5%B8%AE%E5%8A%A9&filters=guid:%224028227-zh-hans-dia%22%20lang:%22zh-hans%22&form=S00028,1,2022-01-25T12:36:37.65268+08:00
如何在 windows 中获取帮助 - 搜索,https://www.bing.com/search?q=%e5%a6%82%e4%bd%95%e5%9c%a8+windows+%e4%b8%ad%e8%8e%b7%e5%8f%96%e5%b8%ae%e5%8a%a9&filters=guid:%224028227-zh-hans-dia%22%20lang:%22zh-hans%22&form=S00028,1,2022-01-25T12:36:37.65268+08:00
bilibil - 搜索,https://www.bing.com/search?q=bilibil&aqs=edge..69i57.6194j0j1&pglt=43&FORM=ANCMS9&PC=U531,1,2022-04-11T07:05:04.608018+08:00
bilibil - 搜索,https://cn.bing.com/search?q=bilibil&aqs=edge..69i57.6194j0j1&pglt=43&FORM=ANCMS9&PC=U531,1,2022-04-11T07:05:04.608018+08:00
冲牙器 - 搜索,https://www.bing.com/search?q=%e5%86%b2%e7%89%99%e5%99%a8&form=WNSGPH&qs=CT&cvid=2f770aaffbf045b4ba7f73ecfefa2ebf&pq=%E5%86%B2&cc=GB&setlang=zh-Hans-CN&nclid=FEC0343FC7D351F26BF11741E5784E72&ts=1649819933740&nclidts=1649819933&tsms=740&wsso=Moderate,1,2022-04-13T03:19:00.035537+08:00
冲牙器 - 搜索,https://cn.bing.com/search?q=%E5%86%B2%E7%89%99%E5%99%A8&form=WNSGPH&qs=CT&cvid=2f770aaffbf045b4ba7f73ecfefa2ebf&pq=%E5%86%B2&cc=GB&setlang=zh-Hans-CN&nclid=FEC0343FC7D351F26BF11741E5784E72&ts=1649819933740&nclidts=1649819933&tsms=740&wsso=Moderate,1,2022-04-13T03:19:00.035537+08:00
冲牙器 - 搜索,https://cn.bing.com/search?q=%E5%86%B2%E7%89%99%E5%99%A8&form=WNSGPH&qs=CT&cvid=2f770aaffbf045b4ba7f73ecfefa2ebf&pq=%E5%86%B2&cc=GB&setlang=zh-Hans-CN&nclid=FEC0343FC7D351F26BF11741E5784E72&ts=1649819933740&wsso=Moderate,1,2022-04-13T03:19:01.424722+08:00
1 - 搜索,https://cn.bing.com/search?q=1&form=ANSPH1&refig=ce7d150bc73a4110ab8c655fbac261e4&pc=U531,1,2022-04-25T09:17:23.944544+08:00
ikvm - 搜索,https://cn.bing.com/search?q=ikvm&qs=n&form=QBRE&sp=-1&pq=ikvm&sc=8-4&sk=&cvid=F6EFDA26C6224AA9811D0C887916EAE8,1,2022-04-25T09:17:28.227484+08:00
IKVM.NET_百度百科,https://baike.baidu.com/item/IKVM.NET/2101607,1,2022-04-25T09:17:31.071967+08:00
,https://www.jiandanjiasu1.com/,1,2022-03-28T13:09:40.28195+08:00
